,Movie,Release Year,Certification,Duration,Genre,Imdb,Metascore,Votes
0,Zack Snyder's Justice League,(2021),R,242 min,"Action, Adventure, Fantasy",8.1,54,"306,097"
1,Aspirants,(2021– ),Not Available,45 min,Drama,9.0,Not Available,"271,832"
2,WandaVision,(2021),TV-PG,350 min,"Action, Comedy, Drama",8.1,Not Available,"185,388"
3,Radhe,(2021),TV-MA,135 min,"Action, Crime, Thriller",1.8,Not Available,"163,419"
4,Godzilla vs. Kong,(2021),PG-13,113 min,"Action, Sci-Fi, Thriller",6.4,59,"145,457"
5,Army of the Dead,(2021),R,148 min,"Action, Crime, Horror",5.8,57,"121,308"
6,The Falcon and the Winter Soldier,(2021),TV-14,50 min,"Action, Adventure, Drama",7.4,Not Available,"117,818"
7,Mortal Kombat,(2021),R,110 min,"Action, Adventure, Fantasy",6.2,44,"117,024"
8,Nobody,(I) (2021),R,92 min,"Action, Crime, Drama",7.4,64,"109,185"
9,Raya and the Last Dragon,(2021),PG,107 min,"Animation, Action, Adventure",7.4,75,"85,219"
10,Cruella,(2021),PG-13,134 min,"Comedy, Crime",7.4,59,"76,352"
11,Lupin,(2021– ),TV-MA,45 min,"Action, Crime, Drama",7.5,Not Available,"74,412"
12,Invincible,(2021– ),TV-MA,364 min,"Animation, Action, Adventure",8.8,Not Available,"68,711"
13,Wrath of Man,(2021),R,119 min,"Action, Crime, Thriller",7.2,57,"64,136"
14,The Little Things,(2021),R,128 min,"Crime, Drama, Thriller",6.3,54,"63,661"
15,The Mitchells vs the Machines,(2021),PG,113 min,"Animation, Adventure, Comedy",7.7,80,"61,844"
16,Mare of Easttown,(2021),TV-MA,410 min,"Crime, Drama, Mystery",8.5,Not Available,"61,717"
17,Master,(2021),Not Rated,179 min,"Action, Thriller",7.9,Not Available,"60,148"
18,Coming 2 America,(2021),PG-13,110 min,Comedy,5.3,52,"58,369"
19,The Dig,(2021),PG-13,112 min,"Biography, Drama, History",7.1,73,"57,956"
20,Tandav,(2021– ),TV-14,30 min,"Drama, Thriller",3.7,Not Available,"55,374"
21,Shadow and Bone,(2021– ),TV-14,Not Available,"Action, Adventure, Drama",7.8,Not Available,"55,191"
22, Attack on Titan,(2013–2021),TV-MA,24 min,"Animation, Action, Adventure",9.9,Not Available,"54,305"
23,The Conjuring: The Devil Made Me Do It,(2021),R,112 min,"Horror, Mystery, Thriller",6.4,53,"53,896"
24,Judas and the Black Messiah,(2021),R,126 min,"Biography, Drama, History",7.5,85,"51,649"
25,The Woman in the Window,(2021),R,100 min,"Crime, Drama, Mystery",5.7,41,"51,586"
26,The White Tiger,(2021),R,125 min,"Crime, Drama",7.1,76,"50,394"
27,Loki,(2021– ),TV-14,Not Available,"Action, Adventure, Fantasy",8.9,Not Available,"47,312"
28,The One Where They Get Back Together,(2021 TV Special),TV-14,104 min,"Comedy, Romance",8.1,Not Available,"45,521"
29,Behind Her Eyes,(2021),TV-MA,298 min,"Drama, Mystery, Thriller",7.2,Not Available,"45,289"
30,Tom Clancy's Without Remorse,(2021),R,109 min,"Action, Thriller, War",5.8,41,"42,191"
31, Attack on Titan,(2013–2021),TV-MA,24 min,"Animation, Action, Adventure",9.9,Not Available,"39,825"
32, Attack on Titan,(2013–2021),TV-MA,24 min,"Animation, Action, Adventure",9.9,Not Available,"38,142"
33,Outside the Wire,(2021),R,114 min,"Action, Adventure, Fantasy",5.4,45,"36,338"
34,Stowaway,(2021),TV-MA,116 min,"Drama, Sci-Fi, Thriller",5.6,63,"34,840"
35,Luca,(2021),PG,95 min,"Animation, Adventure, Comedy",7.6,71,"34,618"
36,Thunder Force,(2021),PG-13,106 min,"Action, Adventure, Comedy",4.4,34,"34,285"
37,Those Who Wish Me Dead,(2021),R,100 min,"Action, Drama, Thriller",6.0,59,"33,811"
38,Ginny & Georgia,(2021– ),TV-14,Not Available,"Comedy, Drama",7.5,Not Available,"33,549"
39,Boss Level,(2021),TV-MA,94 min,"Action, Mystery, Sci-Fi",6.9,56,"32,313"
40,The Serpent,(2021),TV-MA,458 min,"Crime, Drama, Thriller",7.7,Not Available,"31,181"
41,Jupiter's Legacy,(2021),TV-MA,56 min,"Action, Adventure, Drama",6.8,Not Available,"29,663"
42,Fate: The Winx Saga,(2021– ),TV-MA,Not Available,"Action, Adventure, Drama",6.9,Not Available,"29,577"
43,Malcolm & Marie,(2021),R,106 min,"Drama, Romance",6.7,53,"29,225"
44,The Mauritanian,(2021),R,129 min,"Drama, Thriller",7.4,53,"28,457"
45,Drishyam 2,(2021),Not Available,152 min,"Crime, Drama, Thriller",8.7,Not Available,"27,536"
46,Palmer,(2021),R,110 min,Drama,7.3,53,"25,754"
47,Sweet Tooth,(2021– ),TV-14,Not Available,"Action, Adventure, Drama",8.0,Not Available,"24,910"
48,Tom and Jerry,(2021),PG,101 min,"Animation, Comedy, Family",5.3,32,"24,884"
49,Oxygen,(2021),TV-14,100 min,"Drama, Fantasy, Sci-Fi",6.5,67,"24,743"
50,Chaos Walking,(2021),PG-13,109 min,"Action, Adventure, Fantasy",5.7,38,"24,187"
51,Spiral,(2021),R,93 min,"Crime, Horror, Mystery",5.3,40,"23,982"
52,Seaspiracy,(2021),TV-MA,89 min,"Documentary, Adventure",8.2,Not Available,"23,913"
53, Attack on Titan,(2013–2021),TV-MA,24 min,"Animation, Action, Adventure",9.6,Not Available,"23,728"
54,Racket Boys,(2021– ),Not Available,80 min,"Comedy, Drama, Sport",1.0,Not Available,"23,433"
55,Cherry,(2021),R,142 min,"Crime, Drama",6.6,44,"22,994"
56,Inside,(2021 TV Special),TV-MA,87 min,"Comedy, Drama, Music",8.8,Not Available,"22,288"
57,Things Heard & Seen,(2021),TV-MA,121 min,"Drama, Horror, Mystery",5.3,49,"22,202"
58,Resident Alien,(2021– ),TV-14,44 min,"Comedy, Drama, Mystery",8.2,Not Available,"21,638"
59,It's a Sin,(2021),TV-MA,239 min,"Comedy, Drama, History",8.7,Not Available,"21,634"
60,Redemption Day,(2021),R,99 min,"Action, Drama, Thriller",6.5,22,"21,398"
61, WandaVision,(2021),TV-PG,30 min,"Action, Comedy, Drama",7.5,Not Available,"21,392"
62,Anne Boleyn,(2021– ),Not Available,Not Available,Drama,6.9,Not Available,"21,231"
63, WandaVision,(2021),TV-PG,35 min,"Action, Comedy, Drama",8.9,Not Available,"20,331"
64, WandaVision,(2021),TV-PG,37 min,"Action, Comedy, Drama",7.8,Not Available,"20,240"
65,In the Heights,(2021),PG-13,143 min,"Drama, Music, Musical",7.6,84,"20,044"
66, WandaVision,(2021),TV-14,42 min,"Action, Comedy, Drama",9.1,Not Available,"19,973"
67,Space Sweepers,(2021),TV-MA,136 min,"Action, Adventure, Drama",6.6,64,"19,697"
68,Moxie,(2021),PG-13,111 min,"Comedy, Drama, Music",6.7,54,"19,542"
69,Night Stalker: The Hunt for a Serial Killer,(2021),TV-MA,189 min,"Documentary, Crime, Mystery",7.5,Not Available,"19,330"
70,Bad Trip,(2021),R,86 min,Comedy,6.6,61,"19,003"
71, WandaVision,(2021),TV-PG,33 min,"Action, Comedy, Drama",8.2,Not Available,"18,655"
72,To All the Boys: Always and Forever,(2021),TV-14,109 min,"Comedy, Drama, Romance",6.3,65,"18,057"
73,Yes Day,(2021),PG,86 min,"Comedy, Family",5.7,46,"18,051"
74, WandaVision,(2021),TV-PG,47 min,"Action, Comedy, Drama",9.0,Not Available,"17,876"
75, Loki,(2021– ),TV-14,51 min,"Action, Adventure, Fantasy",8.8,Not Available,"17,806"
76, WandaVision,(2021),TV-PG,50 min,"Action, Comedy, Drama",8.4,Not Available,"17,759"
77,The Innocent,(2021),TV-MA,467 min,"Crime, Drama, Mystery",7.9,Not Available,"17,497"
78,F9: The Fast Saga,(2021),PG-13,145 min,"Action, Adventure, Crime",5.5,59,"17,381"
79,Wrong Turn,(2021),R,109 min,"Horror, Thriller",5.5,46,"17,378"
80, WandaVision,(2021),TV-PG,38 min,"Action, Comedy, Drama",8.9,Not Available,"17,361"
81, Attack on Titan,(2013–2021),TV-MA,24 min,"Animation, Action, Adventure",9.3,Not Available,"16,783"
82, WandaVision,(2021),TV-PG,38 min,"Action, Comedy, Drama",8.5,Not Available,"16,207"
83,Firefly Lane,(2021– ),TV-MA,Not Available,"Drama, Romance",7.5,Not Available,"15,981"
84,Below Zero,(2021),TV-MA,106 min,"Action, Adventure, Crime",6.2,Not Available,"15,504"
85,Karnan,(2021),Not Available,158 min,"Action, Drama",8.3,Not Available,"15,347"
86, The Falcon and the Winter Soldier,(2021),TV-14,47 min,"Action, Adventure, Drama",7.7,Not Available,"15,107"
87,The Marksman,(2021),PG-13,108 min,"Action, Drama, Thriller",5.6,44,"15,065"
88,Superman and Lois,(2021– ),TV-14,42 min,"Action, Adventure, Drama",7.9,Not Available,"14,976"
89,Willy's Wonderland,(2021),TV-MA,88 min,"Action, Comedy, Horror",5.6,44,"14,700"
90,Crime Scene: The Vanishing at the Cecil Hotel,(2021),TV-MA,219 min,"Documentary, Crime, Mystery",5.9,Not Available,"14,668"
91,The Map of Tiny Perfect Things,(2021),PG-13,98 min,"Comedy, Fantasy, Romance",6.8,61,"14,431"
92,The Nevers,(2021– ),TV-MA,58 min,"Action, Drama, Fantasy",7.4,Not Available,"14,204"
93,Infinite,(2021),PG-13,106 min,"Action, Sci-Fi, Thriller",5.3,28,"14,163"
94, Attack on Titan,(2013–2021),TV-MA,24 min,"Animation, Action, Adventure",9.7,Not Available,"13,942"
95, Loki,(2021– ),TV-14,53 min,"Action, Adventure, Fantasy",9.0,Not Available,"13,792"
96, The Falcon and the Winter Soldier,(2021),TV-14,53 min,"Action, Adventure, Drama",8.8,Not Available,"13,654"
97,Bliss,(I) (2021),R,103 min,"Drama, Romance, Sci-Fi",5.3,40,"13,604"
98,Them,(2021– ),TV-MA,45 min,"Drama, Horror, Thriller",7.3,Not Available,"13,357"
99, The Falcon and the Winter Soldier,(2021),TV-14,47 min,"Action, Adventure, Drama",7.9,Not Available,"13,049"
100, Attack on Titan,(2013–2021),TV-MA,24 min,"Animation, Action, Adventure",8.9,Not Available,"12,975"
101,Awake,(III) (2021),TV-MA,96 min,"Action, Adventure, Drama",4.8,35,"12,916"
102, Attack on Titan,(2013–2021),TV-MA,24 min,"Animation, Action, Adventure",9.8,Not Available,"12,912"
103,Fatherhood,(2021),PG-13,109 min,"Comedy, Drama",6.7,53,"12,738"
104,The Irregulars,(2021),TV-14,Not Available,"Crime, Drama, Fantasy",5.9,Not Available,"12,190"
105, Attack on Titan,(2013–2021),TV-MA,24 min,"Animation, Action, Adventure",9.7,Not Available,"12,159"
106, The Falcon and the Winter Soldier,(2021),TV-14,51 min,"Action, Adventure, Drama",8.0,Not Available,"12,060"
107, Attack on Titan,(2013–2021),TV-MA,24 min,"Animation, Action, Adventure",9.1,Not Available,"11,984"
108,The Big Bull,(2021),Not Available,153 min,"Biography, Crime, Drama",6.1,Not Available,"11,612"
109,Dota: Dragon's Blood,(2021– ),TV-MA,25 min,"Animation, Action, Adventure",8.1,Not Available,"11,439"
110, Attack on Titan,(2013–2021),TV-MA,24 min,"Animation, Action, Adventure",9.2,Not Available,"11,415"
111, The Falcon and the Winter Soldier,(2021),TV-14,49 min,"Action, Adventure, Drama",7.8,Not Available,"11,371"
112, The Falcon and the Winter Soldier,(2021),TV-14,57 min,"Action, Adventure, Drama",8.0,Not Available,"11,230"
113, Attack on Titan,(2013–2021),TV-MA,24 min,"Animation, Action, Adventure",9.7,Not Available,"11,205"
114,Red Dot,(2021),TV-MA,86 min,"Drama, Horror, Thriller",5.5,Not Available,"11,177"
115,The One,(2021– ),TV-MA,Not Available,"Crime, Drama, Sci-Fi",6.6,Not Available,"10,465"
116,Deadly Illusions,(2021),R,114 min,"Drama, Thriller",3.7,Not Available,"10,266"
117,Star Wars: The Bad Batch,(2021– ),TV-PG,Not Available,"Animation, Action, Adventure",8.4,Not Available,"10,186"
118,The Unholy,(2021),PG-13,99 min,"Drama, Horror, Mystery",5.0,36,"10,125"
119,Vakeel Saab,(2021),TV-14,153 min,"Action, Crime, Drama",7.8,Not Available,"10,114"
120,Paper Lives,(2021),TV-MA,96 min,Drama,6.7,Not Available,"9,847"
121,Who Killed Sara?,(2021– ),TV-MA,Not Available,"Crime, Drama, Mystery",6.4,Not Available,"9,794"
122,Tribes of Europa,(2021– ),TV-MA,Not Available,"Action, Adventure, Drama",6.8,Not Available,"9,646"
123,The United States vs. Billie Holiday,(2021),R,126 min,"Biography, Drama, Music",6.3,52,"9,621"
124, Loki,(2021– ),TV-14,42 min,"Action, Adventure, Fantasy",7.9,Not Available,"9,395"
125,Stuck Apart,(2021),TV-MA,96 min,"Comedy, Drama",6.1,Not Available,"9,358"
126,Harga,(2021– ),Not Available,Not Available,Drama,9.7,Not Available,"9,308"
127,Clarkson's Farm,(2021– ),TV-PG,45 min,Documentary,9.3,Not Available,"9,224"
128,Iste Bu Benim Masalim,(2021),Not Available,40 min,"Musical, Romance",1.5,Not Available,"9,221"
129,Halston,(2021),TV-MA,240 min,"Biography, Drama",7.5,Not Available,"9,105"
130,Voyagers,(2021),PG-13,108 min,"Adventure, Sci-Fi, Thriller",5.4,44,"8,858"
131,The Vault,(2021),R,118 min,"Action, Adventure, Thriller",6.4,50,"8,714"
132,Locked Down,(I) (2021),R,118 min,"Comedy, Crime, Romance",5.2,42,"8,389"
133,Jagame Thandhiram,(2021),TV-MA,158 min,"Action, Comedy, Crime",6.2,Not Available,"8,350"
134,Barb and Star Go to Vista Del Mar,(2021),PG-13,107 min,Comedy,6.4,64,"8,336"
135,Wish Dragon,(2021),PG,98 min,"Animation, Adventure, Comedy",7.2,60,"8,138"
136, The Walking Dead,(2010–2022),TV-MA,50 min,"Drama, Horror, Thriller",9.3,Not Available,"7,960"
137,Finding 'Ohana,(2021),PG,123 min,"Action, Adventure, Comedy",6.1,69,"7,855"
138,The Married Woman,(2021– ),Not Available,30 min,"Drama, Romance",9.4,Not Available,"7,539"
139,Mumbai Saga,(2021),Not Available,135 min,"Action, Crime",6.1,Not Available,"7,375"
140,The Girl on the Train,(2021),TV-MA,120 min,"Crime, Drama, Mystery",4.4,Not Available,"7,350"
141,Ferry,(2021),TV-MA,106 min,"Action, Crime, Drama",7.0,Not Available,"7,293"
142,The Equalizer,(2021– ),TV-14,Not Available,"Action, Crime, Drama",4.8,Not Available,"7,188"
143,Pagglait,(2021),TV-14,114 min,"Comedy, Drama",6.9,Not Available,"7,166"
144," Love, Death & Robots",(2019– ),TV-MA,18 min,"Animation, Short, Comedy",8.1,Not Available,"7,125"
145, Invincible,(2021– ),TV-MA,45 min,"Animation, Action, Adventure",9.7,Not Available,"7,055"
146, Aspirants,(2021– ),Not Available,46 min,Drama,9.6,Not Available,"6,875"
147,Kaagaz,(2021),Not Available,109 min,"Biography, Comedy, Drama",7.5,Not Available,"6,829"
148,Time,(2021– ),Not Available,59 min,"Crime, Drama",8.5,Not Available,"6,814"
149,Sandeep Aur Pinky Faraar,(2021),Not Available,125 min,"Comedy, Crime, Drama",6.3,Not Available,"6,760"
150,Cosmic Sin,(2021),R,88 min,"Action, Adventure, Sci-Fi",2.5,9,"6,748"
151, Invincible,(2021– ),TV-MA,48 min,"Animation, Action, Adventure",9.6,Not Available,"6,683"
152,Vincenzo,(2021– ),Not Rated,80 min,"Comedy, Crime, Romance",8.6,Not Available,"6,633"
153," Love, Death & Robots",(2019– ),TV-MA,12 min,"Animation, Short, Comedy",6.5,Not Available,"6,627"
154,Sentinelle,(2021),TV-MA,80 min,"Action, Crime, Drama",4.7,Not Available,"6,622"
155,Debris,(2021),TV-PG,Not Available,"Drama, Mystery, Sci-Fi",6.5,Not Available,"6,488"
156,Roohi,(2021),Not Available,134 min,"Comedy, Horror",4.3,Not Available,"6,488"
157,Operation Varsity Blues,(2021),R,99 min,"Documentary, Crime, Drama",7.0,70,"6,459"
158," Love, Death & Robots",(2019– ),TV-MA,18 min,"Animation, Short, Comedy",7.9,Not Available,"6,372"
159,Music,(2021),PG-13,107 min,"Drama, Musical",3.1,23,"6,369"
160,Joji,(2021),Not Available,113 min,"Crime, Drama",7.9,Not Available,"6,351"
161,Bang Baang,(2021– ),Not Available,18 min,"Action, Thriller",6.9,Not Available,"6,311"
162," Love, Death & Robots",(2019– ),TV-MA,13 min,"Animation, Short, Comedy",6.1,Not Available,"6,280"
163,Clarice,(2021– ),TV-14,60 min,"Crime, Drama, Mystery",6.4,Not Available,"6,246"
164,SAS: Red Notice,(2021),R,124 min,"Action, Thriller",4.9,Not Available,"6,219"
165,Fatma,(2021– ),TV-MA,40 min,"Crime, Drama, Thriller",7.5,Not Available,"6,213"
166,Sky Rojo,(2021– ),TV-MA,31 min,"Action, Adventure, Crime",6.5,Not Available,"6,192"
167,Tell Me Your Secrets,(I) (2021– ),TV-14,Not Available,"Crime, Drama, Mystery",7.4,Not Available,"6,161"
168,Snabba Cash,(2021– ),TV-MA,52 min,"Action, Crime, Drama",7.6,Not Available,"6,118"
169, Invincible,(2021– ),TV-MA,47 min,"Animation, Action, Adventure",9.0,Not Available,"6,104"
170,Walker,(2021– ),TV-14,Not Available,"Action, Crime, Drama",5.9,Not Available,"6,093"
171, The Walking Dead,(2010–2022),TV-14,43 min,"Drama, Horror, Thriller",4.1,Not Available,"6,017"
172,Sherni,(2021),Not Available,131 min,Drama,7.0,Not Available,"6,005"
173,Sunflower,(2021– ),Not Available,36 min,"Comedy, Crime",7.7,Not Available,"5,975"
174, Aspirants,(2021– ),Not Available,38 min,Drama,9.6,Not Available,"5,920"
175, The New York Times Presents,(2020– ),TV-MA,74 min,Documentary,6.9,Not Available,"5,900"
176,Jathi Ratnalu,(2021),Not Available,145 min,Comedy,7.6,Not Available,"5,867"
177,Allen v. Farrow,(2021),TV-MA,256 min,"Documentary, Biography, Crime",6.4,Not Available,"5,853"
178,The Mosquito Coast,(2021– ),TV-MA,Not Available,"Adventure, Drama, Thriller",7.0,Not Available,"5,844"
179, The Family Man,(2019– ),TV-14,Not Available,"Action, Comedy, Drama",9.3,Not Available,"5,814"
180,Billie Eilish: The World's a Little Blurry,(2021),R,140 min,"Documentary, Biography, Music",7.8,70,"5,812"
181,The Pembrokeshire Murders,(2021),TV-14,144 min,"Crime, Drama",7.1,Not Available,"5,703"
182," Love, Death & Robots",(2019– ),TV-MA,7 min,"Animation, Short, Comedy",7.4,Not Available,"5,697"
183, Aspirants,(2021– ),Not Available,49 min,Drama,9.8,Not Available,"5,692"
184,Crisis,(2021),R,118 min,"Drama, Thriller",6.1,40,"5,683"
185,Pretend It's a City,(2021),TV-14,203 min,"Documentary, Biography, Comedy",8.1,Not Available,"5,671"
186,The Great Indian Kitchen,(2021),Not Available,100 min,"Comedy, Drama",8.3,Not Available,"5,590"
187, The Walking Dead,(2010–2022),TV-MA,40 min,"Drama, Horror, Thriller",5.1,Not Available,"5,584"
188," Love, Death & Robots",(2019– ),TV-MA,11 min,"Animation, Short, Comedy",7.0,Not Available,"5,569"
189,The Hitman's Wife's Bodyguard,(2021),R,100 min,"Action, Comedy, Crime",6.5,32,"5,555"
190,Dracula,(2021– ),Not Available,Not Available,"Comedy, Drama",8.8,Not Available,"5,521"
191,The Sons of Sam: A Descent into Darkness,(2021),TV-MA,239 min,"Documentary, Crime, History",7.0,Not Available,"5,436"
192, Aspirants,(2021– ),Not Available,45 min,Drama,9.7,Not Available,"5,430"
193," Love, Death & Robots",(2019– ),TV-MA,13 min,"Animation, Short, Comedy",7.0,Not Available,"5,401"
194, Broken But Beautiful,(2018– ),Not Available,Not Available,"Drama, Romance",9.6,Not Available,"5,399"
195,Krack,(2021),Not Rated,154 min,"Action, Crime, Thriller",7.3,Not Available,"5,263"
196," Love, Death & Robots",(2019– ),TV-MA,13 min,"Animation, Short, Comedy",6.6,Not Available,"5,222"
197,November Story,(2021– ),Not Available,40 min,"Crime, Thriller",8.0,Not Available,"5,204"
198,The Ice Road,(2021),PG-13,109 min,"Adventure, Drama, Thriller",5.5,43,"5,203"
199,The Last Hour,(2021– ),Not Available,36 min,"Crime, Drama, Mystery",7.5,Not Available,"5,192"
200, Invincible,(2021– ),TV-MA,46 min,"Animation, Action, Adventure",9.3,Not Available,"5,189"
201,Made for Love,(2021– ),TV-MA,30 min,"Comedy, Drama, Sci-Fi",6.9,Not Available,"5,118"
202,Hacks,(2021– ),TV-MA,30 min,"Comedy, Drama",8.3,Not Available,"5,042"
203,The Priest,(I) (2021),Not Available,140 min,"Horror, Mystery, Thriller",6.6,Not Available,"5,033"
204,Young Rock,(2021– ),TV-PG,Not Available,Comedy,7.1,Not Available,"5,014"
205,Maharani,(2021– ),Not Available,43 min,Drama,7.5,Not Available,"4,950"
206, Broken But Beautiful,(2018– ),Not Available,Not Available,"Drama, Romance",9.5,Not Available,"4,848"
207, Invincible,(2021– ),TV-MA,44 min,"Animation, Action, Adventure",8.6,Not Available,"4,808"
208, The Walking Dead,(2010–2022),TV-MA,44 min,"Drama, Horror, Thriller",6.2,Not Available,"4,794"
209,Flora & Ulysses,(2021),PG,95 min,"Adventure, Comedy, Family",6.3,62,"4,780"
210, Jujutsu Kaisen,(2020– ),TV-MA,24 min,"Animation, Action, Adventure",9.7,Not Available,"4,774"
211, The Walking Dead,(2010–2022),TV-MA,42 min,"Drama, Horror, Thriller",7.3,Not Available,"4,745"
212, Broken But Beautiful,(2018– ),Not Available,Not Available,"Drama, Romance",9.6,Not Available,"4,734"
213, Broken But Beautiful,(2018– ),Not Available,Not Available,"Drama, Romance",9.8,Not Available,"4,718"
214, Broken But Beautiful,(2018– ),Not Available,Not Available,"Drama, Romance",9.8,Not Available,"4,684"
215, Broken But Beautiful,(2018– ),Not Available,Not Available,"Drama, Romance",9.6,Not Available,"4,670"
216,Murder Among the Mormons,(2021),TV-14,160 min,"Documentary, Crime, History",7.0,Not Available,"4,643"
217, Broken But Beautiful,(2018– ),Not Available,Not Available,"Drama, Romance",9.5,Not Available,"4,632"
218, Broken But Beautiful,(2018– ),Not Available,Not Available,"Drama, Romance",9.7,Not Available,"4,628"
219, Broken But Beautiful,(2018– ),Not Available,Not Available,"Drama, Romance",9.6,Not Available,"4,618"
220, Broken But Beautiful,(2018– ),Not Available,Not Available,"Drama, Romance",9.6,Not Available,"4,618"
221,The Legend of Hanuman,(2021– ),Not Available,25 min,Animation,9.4,Not Available,"4,606"
222, The Walking Dead,(2010–2022),TV-MA,48 min,"Drama, Horror, Thriller",7.5,Not Available,"4,571"
223, Invincible,(2021– ),TV-MA,42 min,"Animation, Action, Adventure",8.3,Not Available,"4,518"
224, Rick and Morty,(2013– ),TV-14,Not Available,"Animation, Adventure, Comedy",9.1,Not Available,"4,499"
225,50M2,(2021– ),TV-MA,45 min,"Comedy, Drama, Thriller",7.0,Not Available,"4,498"
226,Invisible City,(2021– ),TV-G,60 min,"Crime, Drama, Fantasy",7.4,Not Available,"4,482"
227,Crazy About Her,(2021),TV-MA,102 min,"Comedy, Romance",6.6,Not Available,"4,447"
228, Cobra Kai,(2018– ),TV-14,41 min,"Action, Comedy, Drama",9.5,Not Available,"4,446"
229, Mare of Easttown,(2021),TV-MA,57 min,"Crime, Drama, Mystery",9.4,Not Available,"4,441"
230, Invincible,(2021– ),TV-MA,45 min,"Animation, Action, Adventure",7.7,Not Available,"4,425"
231,Mandela,(2021),Not Available,140 min,"Comedy, Drama",8.5,Not Available,"4,420"
232,Cruel Summer,(2021– ),TV-14,45 min,"Drama, Mystery, Thriller",7.5,Not Available,"4,392"
233,Virkar,(2021– ),Not Available,28 min,"Crime, Thriller",9.0,Not Available,"4,385"
234,Panic,(2021– ),TV-14,Not Available,"Adventure, Crime, Drama",6.4,Not Available,"4,322"
235,The Crew,(II) (2021– ),TV-14,Not Available,Comedy,6.6,Not Available,"4,315"
236, Invincible,(2021– ),TV-MA,45 min,"Animation, Action, Adventure",8.0,Not Available,"4,305"
237, Star Wars: The Bad Batch,(2021– ),TV-PG,70 min,"Animation, Action, Adventure",9.0,Not Available,"4,282"
238,Nayattu,(2021),Not Available,124 min,Thriller,8.2,Not Available,"4,247"
239,Ajeeb Daastaans,(2021),TV-MA,142 min,"Drama, Romance",6.7,Not Available,"4,243"
240, One Piece,(1999– ),TV-14,24 min,"Animation, Action, Adventure",9.4,Not Available,"4,210"
241,Land,(2021),PG-13,89 min,Drama,6.6,61,"4,206"
242,Biggie: I Got a Story to Tell,(2021),R,97 min,"Documentary, Biography, Music",6.9,62,"4,198"
243,Call Me Kat,(2021– ),TV-PG,21 min,Comedy,5.0,Not Available,"4,149"
244,Katla,(2021– ),TV-MA,Not Available,"Drama, Mystery, Sci-Fi",7.2,Not Available,"4,135"
245, Aspirants,(2021– ),Not Available,38 min,Drama,9.4,Not Available,"4,086"
246, The Family Man,(2019– ),TV-14,Not Available,"Action, Comedy, Drama",9.4,Not Available,"4,052"
247,History of Swear Words,(2021– ),TV-MA,124 min,"Documentary, Comedy",6.4,Not Available,"4,014"
248,Have You Ever Seen Fireflies?,(2021),TV-14,113 min,"Comedy, Drama",6.2,Not Available,"4,000"
249, The Family Man,(2019– ),TV-14,Not Available,"Action, Comedy, Drama",9.2,Not Available,"3,994"
250,Girl in the Basement,(2021),TV-14,88 min,"Crime, Thriller",6.4,Not Available,"3,981"
251,Blue Miracle,(2021),TV-PG,95 min,"Adventure, Biography, Drama",6.7,48,"3,967"
252,Justice Society: World War II,(2021),PG-13,84 min,"Animation, Action, Adventure",6.4,Not Available,"3,896"
253,Sardar Ka Grandson,(2021),TV-14,139 min,"Comedy, Drama, Romance",4.1,Not Available,"3,862"
254,His Story,(2021– ),Not Available,Not Available,Drama,9.7,Not Available,"3,855"
255,Nail Polish,(2021),Not Available,128 min,Drama,7.4,Not Available,"3,802"
256, The Family Man,(2019– ),TV-14,Not Available,"Action, Comedy, Drama",9.6,Not Available,"3,784"
257,Sexify,(2021– ),TV-MA,40 min,"Comedy, Drama",6.5,Not Available,"3,780"
258,The Underground Railroad,(2021– ),TV-MA,593 min,"Drama, History, War",7.3,Not Available,"3,775"
259,Top Class: The Life and Times of the Sierra Canyon Trailblazers,(2021– ),Not Rated,30 min,"Documentary, Sport",9.7,Not Available,"3,754"
260,I Am All Girls,(2021),TV-MA,107 min,"Crime, Drama, Mystery",5.8,Not Available,"3,729"
261, The Family Man,(2019– ),TV-14,Not Available,"Action, Comedy, Drama",9.3,Not Available,"3,706"
262,Chad,(2021– ),TV-MA,30 min,Comedy,2.7,Not Available,"3,683"
263, The Family Man,(2019– ),TV-14,Not Available,"Action, Comedy, Drama",9.5,Not Available,"3,607"
264,Fear of Rain,(2021),PG-13,109 min,"Drama, Horror, Thriller",5.9,Not Available,"3,580"
265,The Virtuoso,(2021),R,110 min,"Action, Crime, Thriller",4.9,24,"3,576"
266,Pogaru,(2021),Not Available,160 min,Action,5.7,Not Available,"3,574"
267,Sultan,(2021),TV-MA,145 min,"Action, Drama",6.4,Not Available,"3,550"
268, The Family Man,(2019– ),TV-14,Not Available,"Action, Comedy, Drama",9.3,Not Available,"3,548"
269, Mare of Easttown,(2021),TV-MA,58 min,"Crime, Drama, Mystery",8.1,Not Available,"3,541"
270,Batman: Soul of the Dragon,(2021),R,83 min,"Animation, Action, Adventure",6.1,Not Available,"3,537"
271, One Piece,(1999– ),TV-14,24 min,"Animation, Action, Adventure",9.7,Not Available,"3,528"
272,Siyavash,(2021– ),TV-14,50 min,Drama,6.2,Not Available,"3,516"
273, Lucifer,(2016– ),TV-14,60 min,"Crime, Drama, Fantasy",7.6,Not Available,"3,493"
274,Naandhi,(2021),Not Available,146 min,"Crime, Drama, Thriller",8.4,Not Available,"3,484"
275,Bombay Begums,(2021– ),TV-MA,50 min,Drama,4.9,Not Available,"3,484"
276, The Family Man,(2019– ),TV-14,Not Available,"Action, Comedy, Drama",9.3,Not Available,"3,482"
277,Tiger,(2021),TV-MA,192 min,"Documentary, Biography, Sport",7.8,Not Available,"3,479"
278,Yasuke,(2021– ),TV-MA,30 min,"Animation, Action, Adventure",6.3,Not Available,"3,466"
279,Us Again,(2021),G,7 min,"Animation, Short, Drama",8.0,Not Available,"3,464"
280, The Family Man,(2019– ),TV-14,Not Available,"Action, Comedy, Drama",9.3,Not Available,"3,457"
281,Silence: Can You Hear It,(2021),Not Available,136 min,"Crime, Thriller",6.6,Not Available,"3,420"
282,The Mighty Ducks: Game Changers,(2021– ),TV-PG,Not Available,"Comedy, Drama, Sport",7.5,Not Available,"3,415"
283,Saina,(2021),Not Available,135 min,"Biography, Drama, Sport",4.2,Not Available,"3,410"
284,Yuvarathnaa,(2021),Not Available,161 min,"Action, Drama",6.6,Not Available,"3,401"
285,Maara,(2021),Not Available,149 min,"Adventure, Drama, Mystery",7.7,Not Available,"3,355"
286,A Week Away,(2021),TV-PG,94 min,"Drama, Family, Musical",5.7,32,"3,354"
287,Pelé,(2021),TV-14,108 min,"Documentary, Biography, Sport",7.0,61,"3,346"
288,Pacific Rim: The Black,(2021– ),TV-14,24 min,"Animation, Action, Adventure",7.1,Not Available,"3,322"
289,The Minimalists: Less Is Now,(2021),TV-14,53 min,Documentary,5.9,Not Available,"3,302"
290, Jujutsu Kaisen,(2020– ),TV-MA,24 min,"Animation, Action, Adventure",9.6,Not Available,"3,268"
291, Mare of Easttown,(2021),TV-MA,58 min,"Crime, Drama, Mystery",8.7,Not Available,"3,259"
292,Horimiya,(I) (2021– ),TV-14,24 min,"Animation, Comedy, Drama",8.3,Not Available,"3,226"
293,Mushoku Tensei: Jobless Reincarnation,(2021– ),TV-14,24 min,"Animation, Adventure, Fantasy",8.4,Not Available,"3,209"
294,Hello Charlie,(2021),Not Available,102 min,Comedy,5.6,Not Available,"3,179"
295,Why Did You Kill Me?,(2021),TV-MA,83 min,"Documentary, Crime",5.6,Not Available,"3,174"
296, Superman and Lois,(2021– ),TV-PG,64 min,"Action, Adventure, Drama",8.7,Not Available,"3,157"
297,This Is a Robbery: The World's Greatest Art Heist,(2021),TV-MA,210 min,"Documentary, Crime, History",6.5,Not Available,"3,151"
298,Save Ralph,(2021),Not Available,4 min,"Animation, Short",8.6,Not Available,"3,151"
299,Bloodlands,(2021),Not Available,222 min,"Crime, Drama, Thriller",6.5,Not Available,"3,147"
300,Calls,(2021– ),TV-MA,12 min,"Drama, Horror, Mystery",7.8,Not Available,"3,144"
301, Cobra Kai,(2018– ),TV-14,39 min,"Action, Comedy, Drama",9.2,Not Available,"3,136"
302,Uppena,(2021),TV-14,147 min,"Action, Drama, Romance",6.8,Not Available,"3,125"
303,Crashh,(2021– ),Not Available,23 min,Romance,9.0,Not Available,"3,121"
304,The Box,(V) (2021),Not Available,94 min,"Drama, Music, Musical",8.8,Not Available,"3,118"
305, Mare of Easttown,(2021),TV-MA,64 min,"Crime, Drama, Mystery",9.1,Not Available,"3,109"
306,Chakra,(2021),Not Rated,131 min,"Action, Crime, Thriller",7.0,Not Available,"3,085"
307,In the Earth,(2021),R,107 min,"Horror, Sci-Fi, Thriller",5.2,63,"3,080"
308,Silk Road,(2021),R,112 min,"Crime, Drama, Thriller",5.9,41,"3,076"
309,Age of Samurai: Battle for Japan,(2021– ),TV-MA,Not Available,"Documentary, Action, Adventure",7.4,Not Available,"3,064"
310, Lupin,(2021– ),TV-MA,47 min,"Action, Crime, Drama",7.9,Not Available,"3,062"
311, Star Wars: The Bad Batch,(2021– ),TV-PG,31 min,"Animation, Action, Adventure",7.5,Not Available,"3,024"
312,Baggio: The Divine Ponytail,(2021),TV-MA,91 min,"Biography, Drama, Sport",6.1,Not Available,"3,019"
313,Runaway Lugaai,(2021– ),Not Available,25 min,"Comedy, Drama",7.8,Not Available,"3,009"
314,Tina,(2021),TV-MA,118 min,"Documentary, Biography, History",8.1,81,"2,950"
315,Good on Paper,(2021),R,92 min,"Comedy, Romance",5.6,54,"2,946"
316, Lucifer,(2016– ),TV-14,53 min,"Crime, Drama, Fantasy",9.4,Not Available,"2,930"
317,Konusanlar,(2021– ),Not Available,50 min,"Comedy, Talk-Show",6.8,Not Available,"2,926"
318,Major Grom: Plague Doctor,(2021),Not Available,136 min,"Action, Adventure",6.5,Not Available,"2,921"
319,Bhoomi,(II) (2021),TV-PG,128 min,"Action, Drama",5.0,Not Available,"2,916"
320,Marvel Studios: Legends,(2021– ),TV-14,7 min,"Action, Fantasy, Sci-Fi",6.5,Not Available,"2,895"
321,Ray,(2021– ),TV-14,65 min,"Crime, Drama, Thriller",7.9,Not Available,"2,865"
322,Q: Into the Storm,(2021),TV-MA,353 min,Documentary,7.6,Not Available,"2,809"
323, Black Clover,(2017–2021),TV-PG,24 min,"Animation, Action, Adventure",9.7,Not Available,"2,802"
324, Cobra Kai,(2018– ),TV-14,32 min,"Action, Comedy, Drama",8.2,Not Available,"2,792"
325,Tunna blå linjen,(2021– ),Not Rated,60 min,"Crime, Drama",8.2,Not Available,"2,789"
326,First Signal,(2021),Not Available,102 min,"Drama, History, Sci-Fi",7.0,Not Available,"2,786"
327, Black Clover,(2017–2021),TV-PG,24 min,"Animation, Action, Adventure",9.7,Not Available,"2,783"
328, Mare of Easttown,(2021),TV-MA,60 min,"Crime, Drama, Mystery",8.3,Not Available,"2,778"
329,Law & Order: Organized Crime,(2021– ),TV-14,Not Available,"Crime, Drama, Mystery",7.6,Not Available,"2,775"
330, Mare of Easttown,(2021),TV-MA,56 min,"Crime, Drama, Mystery",8.4,Not Available,"2,745"
331, Shadow and Bone,(2021– ),TV-14,52 min,"Action, Adventure, Drama",7.8,Not Available,"2,720"
332,Mr. Mayor,(2021– ),TV-PG,22 min,Comedy,6.3,Not Available,"2,714"
333,Roberrt,(2021),Not Available,166 min,"Action, Comedy, Musical",6.7,Not Available,"2,689"
334,"Crack: Cocaine, Corruption & Conspiracy",(2021),TV-MA,89 min,"Documentary, Crime, History",6.7,Not Available,"2,685"
335, Cobra Kai,(2018– ),TV-14,30 min,"Action, Comedy, Drama",8.9,Not Available,"2,680"
336, The Expanse,(2015– ),TV-14,56 min,"Drama, Mystery, Sci-Fi",8.7,Not Available,"2,679"
337, Mare of Easttown,(2021),TV-MA,57 min,"Crime, Drama, Mystery",8.8,Not Available,"2,669"
338, Star Trek: Discovery,(2017– ),TV-14,62 min,"Action, Adventure, Drama",6.3,Not Available,"2,665"
339,Kala,(2021),Not Available,130 min,Thriller,6.9,Not Available,"2,657"
340,Breaking News in Yuba County,(2021),R,96 min,"Comedy, Crime, Drama",5.7,24,"2,635"
341, Cobra Kai,(2018– ),TV-14,36 min,"Action, Comedy, Drama",8.6,Not Available,"2,618"
342,Xtreme,(2021),TV-MA,111 min,"Action, Crime, Drama",5.7,Not Available,"2,604"
343, Cobra Kai,(2018– ),TV-14,38 min,"Action, Comedy, Drama",8.3,Not Available,"2,603"
344,Marvel's M.O.D.O.K.,(2021– ),TV-MA,22 min,"Animation, Action, Comedy",6.3,Not Available,"2,564"
345,Vanquish,(2021),R,94 min,"Action, Crime, Thriller",2.7,22,"2,559"
346,Great White,(2021),Not Available,91 min,"Horror, Thriller",3.9,Not Available,"2,556"
347,Together Together,(2021),R,90 min,Comedy,6.5,72,"2,556"
348,Operation Java,(2021),Not Available,146 min,"Crime, Drama, Thriller",8.3,Not Available,"2,554"
349,The Devil Below,(2021),Not Available,88 min,"Horror, Thriller",4.2,Not Available,"2,537"
350,Son,(2021),Not Rated,98 min,"Horror, Thriller",5.5,52,"2,536"
351,The Misfits,(2021),R,94 min,"Action, Adventure, Thriller",4.1,25,"2,527"
352, Lucifer,(2016– ),TV-14,63 min,"Crime, Drama, Fantasy",9.5,Not Available,"2,525"
353,Tribhanga,(2021),TV-MA,95 min,"Drama, Family",6.1,Not Available,"2,523"
354,Madame Claude,(2021),TV-MA,112 min,"Biography, Crime, Drama",5.4,Not Available,"2,523"
355, One Piece,(1999– ),TV-14,24 min,"Animation, Action, Adventure",9.6,Not Available,"2,497"
356,Secret Magic Control Agency,(2021),TV-Y7,103 min,"Animation, Adventure, Comedy",6.2,Not Available,"2,483"
357, Cobra Kai,(2018– ),TV-14,32 min,"Action, Comedy, Drama",8.0,Not Available,"2,477"
358, Lupin,(2021– ),TV-MA,52 min,"Action, Crime, Drama",7.8,Not Available,"2,469"
359,Irul,(2021),Not Available,91 min,"Mystery, Thriller",5.8,Not Available,"2,464"
360,Generation,(2021– ),TV-MA,Not Available,"Comedy, Drama",6.5,Not Available,"2,464"
361, One Piece,(1999– ),TV-14,24 min,"Animation, Action, Adventure",9.4,Not Available,"2,460"
362,Country Comfort,(2021– ),TV-PG,Not Available,"Comedy, Drama, Family",6.9,Not Available,"2,449"
363, Star Wars: The Bad Batch,(2021– ),TV-PG,28 min,"Animation, Action, Adventure",7.9,Not Available,"2,439"
364,Squared Love,(2021),TV-14,102 min,"Comedy, Romance",5.0,Not Available,"2,412"
365, Lucifer,(2016– ),TV-14,58 min,"Crime, Drama, Fantasy",8.4,Not Available,"2,402"
366,The Djinn,(2021),R,82 min,"Horror, Thriller",4.7,61,"2,399"
367,Methagu,(2021),Not Available,Not Available,"Biography, History",9.7,Not Available,"2,399"
368,Big Shot,(2021– ),TV-PG,Not Available,"Comedy, Drama, Sport",7.5,Not Available,"2,399"
369, Cobra Kai,(2018– ),TV-14,34 min,"Action, Comedy, Drama",8.5,Not Available,"2,398"
370, Cobra Kai,(2018– ),TV-14,28 min,"Action, Comedy, Drama",8.5,Not Available,"2,392"
371,Rurouni Kenshin: Final Chapter Part I - The Final,(2021),Not Available,138 min,"Action, Adventure, Drama",7.3,Not Available,"2,387"
372,Love Scandals & Doctors,(2021– ),Not Available,20 min,Thriller,8.9,Not Available,"2,363"
373,The Year Earth Changed,(2021),TV-PG,48 min,Documentary,8.3,Not Available,"2,362"
374, Doctor Who,(2005– ),TV-PG,71 min,"Adventure, Drama, Family",5.9,Not Available,"2,348"
375, Dracula,(2021– ),Not Available,Not Available,"Comedy, Drama",9.5,Not Available,"2,345"
376, Lucifer,(2016– ),TV-14,55 min,"Crime, Drama, Fantasy",8.5,Not Available,"2,329"
377,Teddy,(II) (2021),TV-PG,136 min,"Animation, Action, Adventure",6.6,Not Available,"2,329"
378, Cobra Kai,(2018– ),TV-14,29 min,"Action, Comedy, Drama",8.3,Not Available,"2,320"
379, Shadow and Bone,(2021– ),TV-14,52 min,"Action, Adventure, Drama",7.8,Not Available,"2,313"
380, Euphoria,(2019– ),TV-MA,49 min,Drama,8.8,Not Available,"2,291"
381, The Handmaid's Tale,(2017– ),TV-MA,62 min,"Drama, Sci-Fi, Thriller",8.7,Not Available,"2,288"
382,Vitthal Teedi,(2021– ),Not Available,185 min,Drama,9.5,Not Available,"2,285"
383,Happily,(2021),R,96 min,"Comedy, Crime, Romance",5.3,58,"2,281"
384, Shadow and Bone,(2021– ),TV-14,58 min,"Action, Adventure, Drama",8.7,Not Available,"2,269"
385, Dracula,(2021– ),Not Available,Not Available,"Comedy, Drama",9.6,Not Available,"2,255"
386, Lupin,(2021– ),TV-MA,42 min,"Action, Crime, Drama",7.6,Not Available,"2,248"
387, The Expanse,(2015– ),TV-14,54 min,"Drama, Mystery, Sci-Fi",7.6,Not Available,"2,235"
388,Kaadan,(2021),Not Available,170 min,"Action, Drama, Fantasy",9.1,Not Available,"2,233"
389,Resident Evil Village,(2021 Video Game),M,Not Available,"Action, Adventure, Fantasy",8.9,Not Available,"2,211"
390,Bling Empire,(2021– ),TV-MA,38 min,Reality-TV,5.8,Not Available,"2,207"
391,22 vs. Earth,(2021),Not Available,9 min,"Animation, Short, Adventure",6.5,Not Available,"2,195"
392, Lupin,(2021– ),TV-MA,43 min,"Action, Crime, Drama",7.7,Not Available,"2,177"
393,Rebel,(2021),TV-14,Not Available,"Crime, Drama",7.0,Not Available,"2,176"
394, Lupin,(2021– ),TV-MA,47 min,"Action, Crime, Drama",7.6,Not Available,"2,169"
395, The Frog,(2020–2021),Not Rated,44 min,"Crime, Drama, Mystery",8.5,Not Available,"2,155"
396, Dracula,(2021– ),Not Available,Not Available,"Comedy, Drama",9.6,Not Available,"2,148"
397, The Expanse,(2015– ),TV-14,48 min,"Drama, Mystery, Sci-Fi",8.0,Not Available,"2,148"
398, Dracula,(2021– ),Not Available,Not Available,"Comedy, Drama",9.7,Not Available,"2,143"
399, Shadow and Bone,(2021– ),TV-14,48 min,"Action, Adventure, Drama",7.9,Not Available,"2,140"
400, Dracula,(2021– ),Not Available,Not Available,"Comedy, Drama",9.8,Not Available,"2,140"
401,Sir Alex Ferguson: Never Give In,(2021),PG-13,130 min,Documentary,8.4,68,"2,135"
402,The Way of the Househusband,(2021– ),TV-14,16 min,"Animation, Action, Comedy",7.3,Not Available,"2,135"
403, The Frog,(2020–2021),Not Rated,46 min,"Crime, Drama, Mystery",8.5,Not Available,"2,127"
404,One,(II) (2021),Not Available,151 min,"Drama, Thriller",6.6,Not Available,"2,122"
405, Jujutsu Kaisen,(2020– ),TV-MA,24 min,"Animation, Action, Adventure",9.6,Not Available,"2,115"
406,Oslo,(2021 TV Movie),TV-MA,118 min,"Drama, History, Thriller",6.6,54,"2,115"
407, Dracula,(2021– ),Not Available,Not Available,"Comedy, Drama",9.8,Not Available,"2,111"
408,Sijipeuseu: The Myth,(2021– ),Not Rated,70 min,"Action, Drama, Fantasy",7.1,Not Available,"2,101"
409, Star Wars: The Bad Batch,(2021– ),TV-PG,26 min,"Animation, Action, Adventure",7.6,Not Available,"2,099"
410, Line of Duty,(2012– ),TV-14,57 min,"Crime, Drama, Mystery",5.4,Not Available,"2,099"
411,Recalled,(2021),Not Available,99 min,"Drama, Mystery, Thriller",7.0,Not Available,"2,097"
412,We Children from Bahnhof Zoo,(2021),Not Rated,Not Available,Drama,6.3,Not Available,"2,097"
413, Young Rock,(2021– ),TV-PG,Not Available,Comedy,9.0,Not Available,"2,096"
414,Eeswaran,(2021),Not Rated,130 min,"Action, Drama",4.7,Not Available,"2,087"
415,To Your Eternity,(2021– ),Not Available,25 min,"Animation, Adventure, Drama",9.1,Not Available,"2,086"
416,Censor,(2021),Not Available,84 min,Horror,5.8,67,"2,077"
417, Shadow and Bone,(2021– ),TV-14,45 min,"Action, Adventure, Drama",8.6,Not Available,"2,065"
418,Skater Girl,(2021),PG,107 min,"Drama, Family, Sport",6.7,Not Available,"2,064"
419,Move to Heaven,(2021– ),TV-MA,60 min,Drama,8.7,Not Available,"2,059"
420, Boruto: Naruto Next Generations,(2017– ),TV-14,24 min,"Animation, Action, Adventure",9.7,Not Available,"2,055"
421,Kung Fu,(2021– ),TV-14,Not Available,"Action, Adventure, Drama",5.0,Not Available,"2,054"
422, Superman and Lois,(2021– ),TV-PG,44 min,"Action, Adventure, Drama",8.4,Not Available,"2,054"
423,Alma Matters - Inside the IIT Dream,(2021),Not Available,150 min,Documentary,8.6,Not Available,"2,053"
424, Boruto: Naruto Next Generations,(2017– ),TV-14,24 min,"Animation, Action, Adventure",9.7,Not Available,"2,050"
425, Shadow and Bone,(2021– ),TV-14,51 min,"Action, Adventure, Drama",8.1,Not Available,"2,043"
426,Solos,(2021– ),TV-14,185 min,"Drama, Fantasy, Sci-Fi",5.6,Not Available,"2,034"
427, The Promised Neverland,(2019–2021),TV-14,23 min,"Animation, Adventure, Drama",2.6,Not Available,"2,018"
428, South Park,(1997– ),TV-MA,46 min,"Animation, Comedy",7.5,Not Available,"2,017"
429,Peter Rabbit 2: The Runaway,(2021),PG,93 min,"Animation, Adventure, Comedy",6.2,43,"2,014"
430,"Batman: The Long Halloween, Part One",(2021 Video),PG-13,85 min,"Animation, Action, Crime",7.6,Not Available,"2,013"
431,The Lost Pirate Kingdom,(2021– ),TV-MA,Not Available,"Documentary, Adventure, Drama",6.6,Not Available,"2,011"
432,Nezha Reborn,(2021),Not Available,118 min,"Animation, Action, Fantasy",6.9,Not Available,"2,008"
433, The Frog,(2020–2021),Not Rated,50 min,"Crime, Drama, Mystery",7.9,Not Available,"2,006"
434, Castlevania,(2017–2021),TV-MA,31 min,"Animation, Action, Adventure",9.8,Not Available,"1,997"
435,Word of Honor,(2021– ),TV-14,45 min,"Action, Drama, Fantasy",9.2,Not Available,"1,997"
436,The Power,(II) (2021),Not Available,92 min,Horror,5.6,60,"1,996"
437, The Frog,(2020–2021),Not Rated,44 min,"Crime, Drama, Mystery",8.3,Not Available,"1,996"
438,Infinitum: Subject Unknown,(2021),Not Available,86 min,Sci-Fi,5.5,Not Available,"1,992"
439, The Expanse,(2015– ),TV-14,52 min,"Drama, Mystery, Sci-Fi",7.8,Not Available,"1,980"
440," Re: Zero, Starting Life in Another World",(2016– ),TV-14,30 min,"Animation, Adventure, Drama",9.8,Not Available,"1,976"
441, One Piece,(1999– ),TV-14,Not Available,"Animation, Action, Adventure",9.6,Not Available,"1,967"
442,Kid 90,(2021),TV-MA,71 min,"Documentary, Biography, History",6.9,67,"1,956"
443, The Frog,(2020–2021),Not Rated,46 min,"Crime, Drama, Mystery",7.7,Not Available,"1,950"
444, The Frog,(2020–2021),Not Rated,47 min,"Crime, Drama, Mystery",7.8,Not Available,"1,947"
445,The Great Escapists,(2021– ),TV-14,Not Available,"Documentary, Adventure, Comedy",5.7,Not Available,"1,947"
446, Your Honor,(2020–2021),TV-MA,59 min,"Crime, Drama, Thriller",7.3,Not Available,"1,937"
447, Shadow and Bone,(2021– ),TV-14,54 min,"Action, Adventure, Drama",8.2,Not Available,"1,929"
448,Life in Colour,(2021– ),TV-PG,59 min,Documentary,8.3,Not Available,"1,928"
449,Payback,(2021),Not Available,91 min,Thriller,6.0,Not Available,"1,927"
450,Record of Ragnarok,(2021– ),TV-14,24 min,"Animation, Action, Adventure",6.2,Not Available,"1,924"
451, Lucifer,(2016– ),TV-14,53 min,"Crime, Drama, Fantasy",8.6,Not Available,"1,903"
452, The Expanse,(2015– ),TV-14,51 min,"Drama, Mystery, Sci-Fi",8.1,Not Available,"1,900"
453, The Handmaid's Tale,(2017– ),TV-MA,58 min,"Drama, Sci-Fi, Thriller",9.0,Not Available,"1,895"
454,B.A. Pass 3,(2021),Not Available,136 min,"Drama, Romance",8.2,Not Available,"1,890"
455, Star Wars: The Bad Batch,(2021– ),TV-PG,27 min,"Animation, Action, Adventure",8.6,Not Available,"1,890"
456, Star Wars: The Bad Batch,(2021– ),TV-PG,23 min,"Animation, Action, Adventure",7.4,Not Available,"1,890"
457,Jeet Ki Zid,(2021– ),Not Available,40 min,"Action, Drama",8.5,Not Available,"1,890"
458,Wild Dog,(2021),TV-MA,145 min,"Action, Adventure, Crime",6.3,Not Available,"1,881"
459, Shadow and Bone,(2021– ),TV-14,52 min,"Action, Adventure, Drama",8.4,Not Available,"1,879"
460, The Frog,(2020–2021),Not Rated,48 min,"Crime, Drama, Mystery",8.0,Not Available,"1,877"
461,Marasli,(2021– ),Not Available,120 min,Drama,8.0,Not Available,"1,875"
462,Coyote,(2021– ),TV-MA,290 min,"Crime, Drama, Thriller",6.8,Not Available,"1,875"
463, The Frog,(2020–2021),Not Rated,48 min,"Crime, Drama, Mystery",7.6,Not Available,"1,874"
464, Fear the Walking Dead,(2015– ),TV-MA,51 min,"Drama, Horror, Sci-Fi",8.0,Not Available,"1,873"
465,The Yinyang Master,(2021),Not Available,113 min,"Action, Adventure, Drama",6.4,Not Available,"1,873"
466, Lucifer,(2016– ),TV-14,59 min,"Crime, Drama, Fantasy",9.0,Not Available,"1,871"
467, The Handmaid's Tale,(2017– ),TV-MA,54 min,"Drama, Sci-Fi, Thriller",8.1,Not Available,"1,868"
468,Cinema Bandi,(2021),Not Available,98 min,"Comedy, Drama",8.1,Not Available,"1,859"
469,Last Chance U: Basketball,(2021– ),TV-MA,Not Available,"Documentary, Sport",8.4,Not Available,"1,855"
470,Nizhal,(2021),Not Rated,118 min,"Drama, Mystery, Thriller",6.4,Not Available,"1,850"
471, The Frog,(2020–2021),Not Rated,54 min,"Crime, Drama, Mystery",7.7,Not Available,"1,847"
472,Every Breath You Take,(2021),R,105 min,"Drama, Mystery, Thriller",5.2,32,"1,839"
473, The Frog,(2020–2021),Not Rated,45 min,"Crime, Drama, Mystery",7.8,Not Available,"1,838"
474, Star Wars: The Bad Batch,(2021– ),TV-PG,21 min,"Animation, Action, Adventure",7.3,Not Available,"1,836"
475,The Seventh Day,(2021),R,87 min,"Horror, Mystery",4.4,43,"1,836"
476,Gibi,(2021– ),Not Available,30 min,Comedy,8.5,Not Available,"1,833"
477,Mai Hero Boll Raha Hu,(2021– ),Not Available,Not Available,"Action, Thriller",8.9,Not Available,"1,823"
478,Born a Champion,(2021),R,112 min,"Action, Drama, Sport",7.0,Not Available,"1,816"
479, The Frog,(2020–2021),Not Rated,52 min,"Crime, Drama, Mystery",7.9,Not Available,"1,809"
480, The Frog,(2020–2021),Not Rated,53 min,"Crime, Drama, Mystery",7.6,Not Available,"1,809"
481,Red,(I) (2021),TV-14,146 min,"Action, Crime, Drama",6.6,Not Available,"1,806"
482, Jujutsu Kaisen,(2020– ),TV-MA,24 min,"Animation, Action, Adventure",9.3,Not Available,"1,805"
483, Jujutsu Kaisen,(2020– ),TV-MA,24 min,"Animation, Action, Adventure",9.2,Not Available,"1,793"
484, Star Wars: The Bad Batch,(2021– ),TV-PG,24 min,"Animation, Action, Adventure",9.1,Not Available,"1,783"
485,Tokyo Revengers,(2021– ),TV-14,24 min,"Animation, Action, Drama",8.6,Not Available,"1,783"
486, Resident Alien,(2021– ),TV-14,47 min,"Comedy, Drama, Mystery",8.3,Not Available,"1,776"
487,Bir Yeralti Sitcom'u,(2021– ),Not Available,Not Available,Comedy,7.3,Not Available,"1,771"
488, Lucifer,(2016– ),TV-14,61 min,"Crime, Drama, Fantasy",8.5,Not Available,"1,765"
489,The Pursuit of Love,(2021– ),Not Available,Not Available,"Drama, Romance",6.6,Not Available,"1,750"
490,Trese,(2021– ),TV-MA,33 min,"Animation, Action, Adventure",7.2,Not Available,"1,748"
491,The Soul,(2021),Not Available,130 min,"Drama, Mystery, Sci-Fi",6.7,Not Available,"1,747"
492,Mouse,(2021– ),Not Available,80 min,"Action, Crime, Mystery",8.7,Not Available,"1,746"
493,The Great North,(2021– ),TV-14,21 min,"Animation, Comedy",6.5,Not Available,"1,736"
494, Young Rock,(2021– ),TV-14,Not Available,Comedy,8.7,Not Available,"1,719"
495,LOL: Last One Laughing Germany,(2021– ),Not Available,Not Available,"Comedy, Reality-TV",7.8,Not Available,"1,717"
496, The Frog,(2020–2021),Not Rated,71 min,"Crime, Drama, Mystery",7.3,Not Available,"1,704"
497,Zombie Reddy,(2021),Not Available,130 min,"Action, Comedy, Horror",7.0,Not Available,"1,701"
498,Exterminate All the Brutes,(2021),TV-MA,232 min,"Documentary, History",6.8,Not Available,"1,699"
499,A Perfect Planet,(2021),TV-PG,245 min,Documentary,9.1,Not Available,"1,692"
500, One Piece,(1999– ),TV-14,24 min,"Animation, Action, Adventure",9.3,Not Available,"1,689"
501,Dude,(2021– ),Not Available,32 min,"Drama, Mystery, Thriller",9.3,Not Available,"1,683"
502,Too Close,(2021),Not Available,143 min,"Crime, Drama, Thriller",6.7,Not Available,"1,674"
503, Superman and Lois,(2021– ),TV-PG,43 min,"Action, Adventure, Drama",8.3,Not Available,"1,672"
504,Grahan,(I) (2021– ),Not Available,Not Available,"Action, Drama, Thriller",8.8,Not Available,"1,668"
505,Wonder Egg Priority,(2021– ),TV-MA,23 min,"Animation, Action, Drama",8.2,Not Available,"1,667"
506, Dracula,(2021– ),Not Available,Not Available,"Comedy, Drama",9.5,Not Available,"1,665"
507, Jujutsu Kaisen,(2020– ),TV-MA,24 min,"Animation, Action, Adventure",9.1,Not Available,"1,661"
508, Fear the Walking Dead,(2015– ),TV-MA,48 min,"Drama, Horror, Sci-Fi",6.2,Not Available,"1,660"
509,Twist,(2021),R,90 min,"Action, Drama",4.0,Not Available,"1,660"
510,Doors,(2021),Not Available,84 min,Sci-Fi,3.3,Not Available,"1,657"
511, Fear the Walking Dead,(2015– ),TV-MA,51 min,"Drama, Horror, Sci-Fi",8.5,Not Available,"1,651"
512,The Pact,(2021– ),Not Available,Not Available,Thriller,6.8,Not Available,"1,642"
513,Starstruck,(2021– ),Not Available,30 min,Comedy,7.7,Not Available,"1,642"
514,Tenkuu Shinpan,(2021– ),TV-MA,25 min,"Animation, Action, Horror",6.7,Not Available,"1,641"
515,Homunculus,(2021),TV-MA,115 min,"Drama, Fantasy, Mystery",5.6,Not Available,"1,637"
516, The Flash,(2014– ),TV-PG,42 min,"Action, Adventure, Drama",8.5,Not Available,"1,637"
517, The Handmaid's Tale,(2017– ),TV-MA,41 min,"Drama, Sci-Fi, Thriller",7.7,Not Available,"1,629"
518,The Upshaws,(2021– ),TV-14,Not Available,Comedy,6.9,Not Available,"1,621"
519, One Piece,(1999– ),TV-14,Not Available,"Animation, Action, Adventure",9.6,Not Available,"1,613"
520,Cypher,(2021– ),Not Available,Not Available,"Action, Crime, Drama",6.5,Not Available,"1,611"
521, The Flash,(2014– ),TV-PG,42 min,"Action, Adventure, Drama",7.3,Not Available,"1,605"
522,Domina,(2021– ),Not Available,Not Available,"Drama, History",6.9,Not Available,"1,605"
523, When Calls the Heart,(2014– ),TV-G,Not Available,"Drama, Family, Romance",5.0,Not Available,"1,604"
524, The Handmaid's Tale,(2017– ),TV-MA,47 min,"Drama, Sci-Fi, Thriller",8.8,Not Available,"1,602"
525,Douluo Continent,(2021– ),Not Available,38 min,"Action, Fantasy, Horror",9.0,Not Available,"1,601"
526,Gaali Sampath,(2021),Not Available,130 min,Drama,7.4,Not Available,"1,599"
527, The Handmaid's Tale,(2017– ),TV-MA,48 min,"Drama, Sci-Fi, Thriller",8.2,Not Available,"1,596"
528,Nenjam Marappathillai,(2021),Not Available,150 min,"Horror, Thriller",6.4,Not Available,"1,590"
529,Surviving Death,(2021– ),TV-MA,50 min,"Documentary, Reality-TV",6.1,Not Available,"1,586"
530, Black Clover,(2017–2021),TV-14,24 min,"Animation, Action, Adventure",9.6,Not Available,"1,582"
531, Walker,(2021– ),TV-PG,42 min,"Action, Crime, Drama",6.9,Not Available,"1,572"
532,Plan B,(II) (2021),TV-MA,107 min,Comedy,6.7,74,"1,570"
533,Indori Ishq,(2021– ),Not Available,25 min,"Comedy, Drama, Romance",7.4,Not Available,"1,569"
534,Men in Kilts: A Roadtrip with Sam and Graham,(2021– ),TV-14,Not Available,"Documentary, Comedy, Reality-TV",8.8,Not Available,"1,568"
535,Leonardo,(2021– ),Not Rated,Not Available,"Biography, Drama, History",7.1,Not Available,"1,561"
536, The Handmaid's Tale,(2017– ),TV-MA,45 min,"Drama, Sci-Fi, Thriller",8.3,Not Available,"1,561"
537,Demi Lovato: Dancing with the Devil,(2021),TV-14,94 min,"Documentary, Music",8.2,Not Available,"1,558"
538,One Small Story,(2021),Not Available,134 min,"Comedy, Drama",7.4,Not Available,"1,556"
539,The Power,(I) (2021),Not Available,153 min,"Action, Crime, Drama",5.7,Not Available,"1,556"
540, One Piece,(1999– ),TV-14,24 min,"Animation, Action, Adventure",9.4,Not Available,"1,555"
541,Just Say Yes,(2021),TV-MA,97 min,"Comedy, Romance",4.5,Not Available,"1,553"
542,Bad President,(2021),Not Available,90 min,"Comedy, Fantasy",5.2,Not Available,"1,552"
543, The Handmaid's Tale,(2017– ),TV-MA,47 min,"Drama, Sci-Fi, Thriller",8.0,Not Available,"1,551"
544,Dad Stop Embarrassing Me!,(2021),TV-PG,25 min,"Comedy, Family",4.2,Not Available,"1,546"
545, Jupiter's Legacy,(2021),TV-MA,47 min,"Action, Adventure, Drama",7.2,Not Available,"1,539"
546, Young Rock,(2021– ),TV-PG,Not Available,Comedy,8.6,Not Available,"1,532"
547, The Flash,(2014– ),TV-PG,42 min,"Action, Adventure, Drama",5.4,Not Available,"1,530"
548,Redo of Healer,(2021– ),TV-MA,24 min,"Animation, Action, Adventure",6.3,Not Available,"1,519"
549,Paradise City,(2021– ),TV-MA,Not Available,"Drama, Fantasy, Music",6.9,Not Available,"1,511"
550, Jujutsu Kaisen,(2020– ),TV-MA,24 min,"Animation, Action, Adventure",8.9,Not Available,"1,508"
551,WeWork: Or the Making and Breaking of a $47 Billion Unicorn,(2021),TV-MA,104 min,Documentary,6.6,56,"1,506"
552, The Rookie,(2018– ),TV-14,Not Available,"Comedy, Crime, Drama",4.1,Not Available,"1,503"
553,Intergalactic,(2021– ),Not Rated,Not Available,"Drama, Sci-Fi",4.1,Not Available,"1,497"
554, Your Honor,(2020–2021),TV-MA,54 min,"Crime, Drama, Thriller",8.3,Not Available,"1,497"
555,SK8 the Infinity,(2021– ),Not Available,Not Available,"Animation, Adventure, Comedy",8.2,Not Available,"1,496"
556, Young Rock,(2021– ),TV-14,24 min,Comedy,7.8,Not Available,"1,491"
557,The Drowning,(2021),Not Available,Not Available,"Drama, Mystery, Thriller",5.5,Not Available,"1,489"
558,Lisey's Story,(2021),TV-MA,Not Available,"Drama, Horror, Mystery",5.9,Not Available,"1,485"
559,Dogu,(2021– ),Not Available,Not Available,Comedy,7.4,Not Available,"1,484"
560, For All Mankind,(2019– ),TV-MA,76 min,"Drama, Sci-Fi",9.6,Not Available,"1,484"
561,Saat Kadam,(2021– ),Not Available,120 min,"Drama, Sport",8.5,Not Available,"1,480"
562, Black Clover,(2017–2021),TV-PG,24 min,"Animation, Action, Adventure",9.8,Not Available,"1,480"
563,The Me You Can't See,(2021– ),TV-MA,Not Available,Documentary,5.2,Not Available,"1,478"
564,Frank of Ireland,(2021– ),TV-MA,Not Available,Comedy,6.7,Not Available,"1,477"
565,Narco Sub,(2021),R,93 min,"Action, Crime, Drama",6.4,Not Available,"1,476"
566, Dracula,(2021– ),Not Available,Not Available,"Comedy, Drama",9.6,Not Available,"1,468"
567,Kathmandu Connection,(2021– ),Not Available,Not Available,"Action, Crime, Thriller",5.8,Not Available,"1,465"
568,30 Rojullo Preminchadam Ela?,(2021),Not Available,143 min,Romance,7.5,Not Available,"1,465"
569,Kevin Can F**k Himself,(2021– ),TV-MA,Not Available,"Comedy, Drama",6.3,Not Available,"1,463"
570, The Nevers,(2021– ),TV-MA,64 min,"Action, Drama, Fantasy",7.8,Not Available,"1,441"
571,Know Fear,(2021),Not Available,77 min,Horror,5.5,Not Available,"1,436"
572, Racket Boys,(2021– ),Not Available,86 min,"Comedy, Drama, Sport",1.0,Not Available,"1,436"
573,Fake Famous,(2021 TV Movie),TV-MA,87 min,Documentary,6.6,Not Available,"1,432"
574,Pixar Popcorn,(2021– ),TV-PG,19 min,"Animation, Short, Comedy",6.6,Not Available,"1,431"
575, Young Rock,(2021– ),TV-14,Not Available,Comedy,8.4,Not Available,"1,430"
576, Superman and Lois,(2021– ),TV-PG,44 min,"Action, Adventure, Drama",8.1,Not Available,"1,428"
577,iCarly,(2021– ),TV-14,26 min,"Comedy, Drama, Family",7.3,Not Available,"1,427"
578, Shameless,(2011–2021),TV-MA,50 min,"Comedy, Drama",6.0,Not Available,"1,421"
579,Climax,(2021),Not Available,80 min,Thriller,8.1,Not Available,"1,413"
580, Batwoman,(2019– ),TV-14,42 min,"Action, Adventure, Crime",4.3,Not Available,"1,413"
581,Madam Chief Minister,(2021),TV-14,130 min,Drama,4.6,Not Available,"1,410"
582, One Piece,(1999– ),TV-14,Not Available,"Animation, Action, Adventure",9.5,Not Available,"1,405"
583, Jujutsu Kaisen,(2020– ),TV-MA,24 min,"Animation, Action, Adventure",8.6,Not Available,"1,405"
584,Girls5eva,(2021– ),TV-MA,Not Available,"Comedy, Music",7.2,Not Available,"1,402"
585,Home Economics,(2021– ),TV-PG,30 min,Comedy,6.2,Not Available,"1,401"
586, Fear the Walking Dead,(2015– ),TV-MA,45 min,"Drama, Horror, Sci-Fi",7.5,Not Available,"1,388"
587, Castlevania,(2017–2021),TV-MA,31 min,"Animation, Action, Adventure",9.6,Not Available,"1,387"
588,Zebra Girl,(2021),Not Available,79 min,"Mystery, Thriller",7.1,Not Available,"1,386"
589,Secrets of Sinauli,(2021),Not Available,56 min,"Documentary, History",9.3,Not Available,"1,386"
590,Finding Alice,(2021– ),Not Rated,46 min,"Comedy, Drama",5.7,Not Available,"1,384"
591, Anne Boleyn,(2021– ),Not Available,Not Available,Drama,6.9,Not Available,"1,382"
592,Vellam,(I) (2021),Not Available,154 min,"Biography, Drama",7.7,Not Available,"1,377"
593, Dracula,(2021– ),Not Available,Not Available,"Comedy, Drama",9.6,Not Available,"1,371"
594, Your Honor,(2020–2021),TV-MA,57 min,"Crime, Drama, Thriller",8.1,Not Available,"1,371"
595, Racket Boys,(2021– ),Not Available,Not Available,"Comedy, Drama, Sport",1.0,Not Available,"1,369"
596,Nail Bomber: Manhunt,(2021),TV-MA,72 min,"Documentary, Crime, History",6.3,Not Available,"1,368"
597,Cabras da Peste,(2021),TV-14,97 min,"Action, Comedy, Crime",6.2,Not Available,"1,367"
598, Castlevania,(2017–2021),TV-MA,27 min,"Animation, Action, Adventure",9.4,Not Available,"1,363"
599,Shukra,(2021),Not Available,119 min,Drama,7.5,Not Available,"1,357"
600, Fear the Walking Dead,(2015– ),TV-MA,47 min,"Drama, Horror, Sci-Fi",8.2,Not Available,"1,353"
601, This Is Us,(2016–2022),TV-14,43 min,"Comedy, Drama, Romance",9.0,Not Available,"1,351"
602, Jujutsu Kaisen,(2020– ),TV-MA,24 min,"Animation, Action, Adventure",8.2,Not Available,"1,346"
603, One Piece,(1999– ),TV-14,Not Available,"Animation, Action, Adventure",9.2,Not Available,"1,344"
604, The Promised Neverland,(2019–2021),TV-14,23 min,"Animation, Adventure, Drama",8.6,Not Available,"1,341"
605, Racket Boys,(2021– ),Not Available,Not Available,"Comedy, Drama, Sport",1.0,Not Available,"1,339"
606,Porodica,(2021– ),Not Available,Not Available,"Drama, History",7.5,Not Available,"1,338"
607, Sweet Tooth,(2021– ),TV-14,Not Available,"Action, Adventure, Drama",8.1,Not Available,"1,337"
608, Jujutsu Kaisen,(2020– ),TV-MA,24 min,"Animation, Action, Adventure",8.1,Not Available,"1,337"
609,G - Zombie,(2021),Not Available,116 min,Sci-Fi,7.2,Not Available,"1,337"
610, The Blacklist,(2013– ),TV-14,43 min,"Crime, Drama, Mystery",4.6,Not Available,"1,334"
611, One Piece,(1999– ),TV-14,Not Available,"Animation, Action, Adventure",9.0,Not Available,"1,334"
612, Resident Alien,(2021– ),TV-14,44 min,"Comedy, Drama, Mystery",8.0,Not Available,"1,334"
613,One and the Same,(2021),Not Rated,110 min,Mystery,6.7,Not Available,"1,332"
614,Mosagallu,(2021),Not Available,85 min,Drama,6.4,Not Available,"1,330"
615, One Piece,(1999– ),TV-14,Not Available,"Animation, Action, Adventure",9.0,Not Available,"1,329"
616,Jakob's Wife,(2021),Not Rated,98 min,Horror,5.3,59,"1,327"
617, Behind Her Eyes,(2021),TV-MA,50 min,"Drama, Mystery, Thriller",8.2,Not Available,"1,312"
618,Can't Get You Out of My Head,(2021),Not Available,Not Available,"Documentary, History",8.6,Not Available,"1,309"
619,Yesilçam: Bir Sinema Hayvani,(2021– ),Not Available,Not Available,"Drama, History, Romance",8.1,Not Available,"1,306"
620,Sex/Life,(2021– ),TV-MA,Not Available,"Comedy, Drama, Romance",5.9,Not Available,"1,337"
621,MMOF,(2021),Not Available,108 min,Drama,7.1,Not Available,"1,299"
622,Grace,(2021– ),Not Available,90 min,"Crime, Drama, Mystery",7.1,Not Available,"1,298"
623,We Are Lady Parts,(2021– ),TV-MA,24 min,"Comedy, Music",7.9,Not Available,"1,296"
624, Superman and Lois,(2021– ),TV-PG,Not Available,"Action, Adventure, Drama",8.2,Not Available,"1,295"
625, Young Rock,(2021– ),TV-PG,21 min,Comedy,7.6,Not Available,"1,293"
626, Your Honor,(2020–2021),TV-MA,56 min,"Crime, Drama, Thriller",8.0,Not Available,"1,286"
627, Bang Baang,(2021– ),Not Available,Not Available,"Action, Thriller",9.3,Not Available,"1,281"
628,Wagle Ki Duniya,(2021– ),Not Available,Not Available,Comedy,9.3,Not Available,"1,277"
629, Fear the Walking Dead,(2015– ),TV-MA,48 min,"Drama, Horror, Sci-Fi",8.0,Not Available,"1,277"
630,I want to be alive,(2021– ),TV-14,50 min,"Drama, Romance, Thriller",6.2,Not Available,"1,272"
631, One Piece,(1999– ),TV-14,Not Available,"Animation, Action, Adventure",9.3,Not Available,"1,267"
632, Wynonna Earp,(2016–2021),TV-MA,43 min,"Action, Drama, Fantasy",9.4,Not Available,"1,262"
633, The Handmaid's Tale,(2017– ),TV-MA,57 min,"Drama, Sci-Fi, Thriller",8.6,Not Available,"1,259"
634, The Blacklist,(2013– ),TV-14,42 min,"Crime, Drama, Mystery",5.1,Not Available,"1,256"
635,Rang De,(2021),Not Available,130 min,"Comedy, Drama, Romance",6.8,Not Available,"1,252"
636,Hello Jee,(2021– ),Not Available,22 min,"Romance, Thriller",7.9,Not Available,"1,248"
637,The Crime of the Century,(2021),TV-MA,231 min,"Documentary, Crime",8.1,Not Available,"1,247"
638,Body Brokers,(2021),R,111 min,"Crime, Drama, Thriller",6.2,64,"1,242"
639,OK Computer,(2021– ),Not Available,240 min,"Comedy, Crime, Mystery",5.4,Not Available,"1,242"
640, Jujutsu Kaisen,(2020– ),TV-MA,24 min,"Animation, Action, Adventure",8.2,Not Available,"1,242"
641,Secrets of Sulphur Springs,(2021– ),TV-PG,24 min,"Adventure, Drama, Family",7.8,Not Available,"1,241"
642, Jupiter's Legacy,(2021),TV-MA,35 min,"Action, Adventure, Drama",7.0,Not Available,"1,238"
643, Your Honor,(2020–2021),TV-MA,58 min,"Crime, Drama, Thriller",7.7,Not Available,"1,235"
644, One Piece,(1999– ),TV-14,Not Available,"Animation, Action, Adventure",9.5,Not Available,"1,234"
645, Young Rock,(2021– ),TV-14,21 min,Comedy,7.9,Not Available,"1,232"
646,Kill Plan,(2021),Not Available,71 min,Thriller,5.2,Not Available,"1,229"
647, One Piece,(1999– ),TV-14,Not Available,"Animation, Action, Adventure",9.3,Not Available,"1,228"
648,Son Yaz,(2021– ),Not Available,120 min,Drama,7.9,Not Available,"1,219"
649,Seobok,(2021),TV-MA,114 min,"Action, Sci-Fi, Thriller",6.2,Not Available,"1,216"
650,P!nk: All I Know So Far,(2021),TV-14,99 min,"Documentary, Biography, Music",8.0,60,"1,215"
651, One Piece,(1999– ),TV-14,Not Available,"Animation, Action, Adventure",9.5,Not Available,"1,211"
652,Bad Luck Banging or Loony Porn,(2021),Not Available,106 min,"Comedy, Drama",6.8,67,"1,211"
653, Fear the Walking Dead,(2015– ),TV-MA,45 min,"Drama, Horror, Sci-Fi",8.1,Not Available,"1,211"
654,"Money, Explained",(2021),TV-14,23 min,Documentary,6.9,Not Available,"1,210"
655,Kenan,(2021– ),TV-PG,Not Available,Comedy,5.6,Not Available,"1,206"
656,Dom,(2021– ),TV-MA,60 min,"Crime, Drama",7.2,Not Available,"1,198"
657, One Piece,(1999– ),TV-14,Not Available,"Animation, Action, Adventure",9.1,Not Available,"1,195"
658, Anne Boleyn,(2021– ),Not Available,Not Available,Drama,6.9,Not Available,"1,193"
659,Headspace Guide to Meditation,(2021),TV-G,173 min,"Documentary, Animation",8.5,Not Available,"1,191"
660,A Writer's Odyssey,(2021),Not Available,130 min,"Action, Adventure, Crime",6.3,Not Available,"1,188"
661,Daughter from Another Mother,(2021– ),TV-MA,Not Available,"Comedy, Drama, Fantasy",7.4,Not Available,"1,184"
662,Marvel Studios: Assembled,(2021– ),TV-14,58 min,Documentary,8.0,Not Available,"1,182"
663, The Flash,(2014– ),TV-PG,42 min,"Action, Adventure, Drama",6.5,Not Available,"1,174"
664, Riverdale,(2017– ),TV-14,41 min,"Crime, Drama, Mystery",7.6,Not Available,"1,172"
665, Your Honor,(2020–2021),TV-MA,52 min,"Crime, Drama, Thriller",8.1,Not Available,"1,172"
666,Ride or Die,(III) (2021),TV-MA,142 min,"Drama, Romance, Thriller",5.4,64,"1,168"
667, Resident Alien,(2021– ),TV-14,44 min,"Comedy, Drama, Mystery",7.9,Not Available,"1,168"
668,1962: the War in the Hills,(2021– ),Not Available,45 min,"Action, Adventure, Drama",6.2,Not Available,"1,161"
669,False Positive,(2021),R,92 min,"Horror, Mystery, Thriller",4.7,57,"1,160"
670," Re: Zero, Starting Life in Another World",(2016– ),TV-14,30 min,"Animation, Adventure, Drama",9.7,Not Available,"1,159"
671, Young Rock,(2021– ),TV-14,Not Available,Comedy,8.7,Not Available,"1,157"
672,The Stay,(2021),Not Available,87 min,Thriller,6.4,Not Available,"1,150"
673, Jupiter's Legacy,(2021),TV-MA,44 min,"Action, Adventure, Drama",7.2,Not Available,"1,149"
674,Sensation,(2021),Not Available,96 min,"Mystery, Sci-Fi, Thriller",4.4,Not Available,"1,148"
675, One Piece,(1999– ),TV-14,Not Available,"Animation, Action, Adventure",9.6,Not Available,"1,144"
676, Young Rock,(2021– ),TV-PG,Not Available,Comedy,7.9,Not Available,"1,141"
677,Detective Chinatown 3,(2021),R,136 min,"Action, Adventure, Comedy",5.7,Not Available,"1,140"
678, Young Rock,(2021– ),TV-PG,Not Available,Comedy,8.2,Not Available,"1,136"
679,Agent Revelation,(2021),Not Available,86 min,"Action, Sci-Fi, Thriller",5.6,Not Available,"1,132"
680,Hoodman,(2021),Not Available,98 min,"Crime, Horror, Thriller",6.3,Not Available,"1,132"
681, The Blacklist,(2013– ),TV-14,43 min,"Crime, Drama, Mystery",8.7,Not Available,"1,128"
682,A (Ad Infinitum),(2021),Not Available,153 min,"Family, Thriller",8.4,Not Available,"1,127"
683,Downfalls High,(2021),Not Available,46 min,"Drama, Musical, Romance",7.5,Not Available,"1,125"
684, IMDb on the Scene - Interviews,(2017– ),Not Rated,Not Available,Talk-Show,7.9,Not Available,"1,119"
685,Sweet & Sour,(2021),TV-14,101 min,"Comedy, Romance",6.8,Not Available,"1,118"
686, Snowpiercer,(2020– ),TV-MA,47 min,"Action, Drama, Sci-Fi",7.9,Not Available,"1,113"
687,"Hi, Mom",(2021),Not Available,128 min,"Comedy, Drama, Fantasy",7.1,Not Available,"1,109"
688, Resident Alien,(2021– ),TV-14,45 min,"Comedy, Drama, Mystery",8.2,Not Available,"1,109"
689, Wynonna Earp,(2016–2021),TV-14,Not Available,"Action, Drama, Fantasy",9.3,Not Available,"1,108"
690,Dystopia,(2021– ),Not Available,Not Available,Horror,8.3,Not Available,"1,107"
691, Snowpiercer,(2020– ),TV-MA,46 min,"Action, Drama, Sci-Fi",8.4,Not Available,"1,107"
692, Resident Alien,(2021– ),TV-14,46 min,"Comedy, Drama, Mystery",8.4,Not Available,"1,099"
693, Walker,(2021– ),TV-PG,42 min,"Action, Crime, Drama",6.9,Not Available,"1,098"
694,Check,(2021),Not Available,140 min,Action,6.6,Not Available,"1,096"
695, The Flash,(2014– ),TV-PG,42 min,"Action, Adventure, Drama",7.5,Not Available,"1,094"
696, Young Rock,(2021– ),TV-PG,Not Available,Comedy,8.3,Not Available,"1,094"
697, Supergirl,(2015–2021),TV-14,Not Available,"Action, Adventure, Drama",7.9,Not Available,"1,094"
698,Rutherford Falls,(2021– ),TV-14,Not Available,Comedy,6.5,Not Available,"1,094"
699,Trigger Point,(2021),Not Available,85 min,"Action, Thriller",4.8,Not Available,"1,092"
700,Khuda Aur Mohabbat 3,(2021),Not Available,40 min,Drama,9.1,Not Available,"1,091"
701, Bang Baang,(2021– ),Not Available,Not Available,"Action, Thriller",9.3,Not Available,"1,091"
702,Akinci,(2021– ),Not Available,120 min,"Action, Adventure, Crime",2.6,Not Available,"1,091"
703,Tony Parker: The Final Shot,(2021),TV-14,98 min,"Documentary, Biography, Sport",6.8,Not Available,"1,088"
704,LOL: Last One Laughing Italy,(2021– ),Not Available,Not Available,Comedy,7.4,Not Available,"1,088"
705,Vivy: Fluorite Eye's Song,(2021– ),Not Available,Not Available,"Animation, Action, Sci-Fi",8.7,Not Available,"1,087"
706, The Flash,(2014– ),TV-PG,42 min,"Action, Adventure, Drama",6.6,Not Available,"1,086"
707, Black Clover,(2017–2021),TV-PG,24 min,"Animation, Action, Adventure",9.5,Not Available,"1,085"
708,Boogie,(2021),R,90 min,Drama,5.2,54,"1,085"
709, Behind Her Eyes,(2021),TV-MA,50 min,"Drama, Mystery, Thriller",7.0,Not Available,"1,085"
710, Line of Duty,(2012– ),TV-14,57 min,"Crime, Drama, Mystery",9.2,Not Available,"1,083"
711,Play Back,(2021),Not Available,138 min,"Crime, Fantasy, Romance",8.2,Not Available,"1,083"
712,A Glitch in the Matrix,(2021),Not Rated,108 min,Documentary,5.2,62,"1,080"
713, The Rookie,(2018– ),TV-14,Not Available,"Comedy, Crime, Drama",5.9,Not Available,"1,079"
714,Live Telecast,(2021– ),Not Available,32 min,Horror,4.2,Not Available,"1,079"
715, Anne Boleyn,(2021– ),Not Available,Not Available,Drama,6.9,Not Available,"1,077"
716, Superman and Lois,(2021– ),TV-PG,Not Available,"Action, Adventure, Drama",8.6,Not Available,"1,077"
717, Jupiter's Legacy,(2021),TV-MA,48 min,"Action, Adventure, Drama",6.9,Not Available,"1,077"
718, Fate: The Winx Saga,(2021– ),TV-MA,53 min,"Action, Adventure, Drama",7.2,Not Available,"1,072"
719, The Rookie,(2018– ),TV-14,42 min,"Comedy, Crime, Drama",6.1,Not Available,"1,067"
720, One Piece,(1999– ),TV-14,Not Available,"Animation, Action, Adventure",9.4,Not Available,"1,065"
721, The Handmaid's Tale,(2017– ),TV-MA,52 min,"Drama, Sci-Fi, Thriller",8.3,Not Available,"1,065"
722, Master of None,(2015– ),TV-MA,55 min,"Comedy, Drama",5.8,Not Available,"1,063"
723,The Candidate,(2021),Not Available,Not Available,"Short, Horror",9.0,Not Available,"1,059"
724,Elite Short Stories: Carla Samuel,(2021),TV-MA,43 min,"Short, Drama, Romance",7.1,Not Available,"1,055"
725, Sweet Tooth,(2021– ),TV-14,Not Available,"Action, Adventure, Drama",8.3,Not Available,"1,053"
726,The Boarding School: Las Cumbres,(2021– ),Not Rated,Not Available,"Drama, Mystery, Thriller",6.5,Not Available,"1,053"
727, It's a Sin,(2021),TV-MA,49 min,"Comedy, Drama, History",9.4,Not Available,"1,053"
728, The Blacklist,(2013– ),TV-14,42 min,"Crime, Drama, Mystery",8.9,Not Available,"1,051"
729,Zero Chill,(2021– ),TV-G,Not Available,"Comedy, Drama, Family",5.7,Not Available,"1,051"
730,Elite Short Stories: Guzmán Caye Rebe,(2021),TV-MA,36 min,"Short, Crime, Drama",7.5,Not Available,"1,050"
731,Sasquatch,(2021),TV-MA,138 min,"Documentary, Crime, History",6.2,Not Available,"1,050"
732, Jupiter's Legacy,(2021),TV-MA,56 min,"Action, Adventure, Drama",7.9,Not Available,"1,048"
733, The Blacklist,(2013– ),TV-14,42 min,"Crime, Drama, Mystery",6.4,Not Available,"1,044"
734,Hükümsüz,(2021– ),Not Available,40 min,"Drama, Mystery, Thriller",6.9,Not Available,"1,041"
735, IMDb on the Scene - Interviews,(2017– ),Not Rated,Not Available,Talk-Show,9.3,Not Available,"1,038"
736, It's a Sin,(2021),TV-MA,46 min,"Comedy, Drama, History",8.5,Not Available,"1,038"
737, The Promised Neverland,(2019–2021),TV-14,23 min,"Animation, Adventure, Drama",8.1,Not Available,"1,037"
738,The Force Awakens from Its Nap,(2021),TV-PG,3 min,"Animation, Short, Comedy",6.2,Not Available,"1,035"
739, The Promised Neverland,(2019–2021),TV-14,23 min,"Animation, Adventure, Drama",6.4,Not Available,"1,032"
740,True,(2021),Not Available,92 min,Thriller,8.9,Not Available,"1,028"
741,Physical,(2021– ),TV-MA,Not Available,"Comedy, Drama",7.0,Not Available,"1,024"
742,Tempt Raja,(2021),Not Available,108 min,Comedy,9.0,Not Available,"1,023"
743, Bang Baang,(2021– ),Not Available,Not Available,"Action, Thriller",9.4,Not Available,"1,023"
744, Fear the Walking Dead,(2015– ),TV-MA,Not Available,"Drama, Horror, Sci-Fi",8.2,Not Available,"1,023"
745,Double Dad,(2021),TV-G,103 min,"Comedy, Drama, Family",5.7,Not Available,"1,023"
746,North Hollywood,(2021),Not Rated,93 min,"Comedy, Drama",6.2,Not Available,"1,022"
747, It's a Sin,(2021),TV-MA,48 min,"Comedy, Drama, History",9.2,Not Available,"1,020"
748, Lupin,(2021– ),TV-MA,43 min,"Action, Crime, Drama",7.1,Not Available,"1,018"
749,Welcome to Utmark,(2021– ),Not Available,Not Available,"Comedy, Drama",7.9,Not Available,"1,018"
750,Amend: The Fight for America,(I) (2021),TV-MA,Not Available,"Documentary, History",7.9,Not Available,"1,015"
751, Bang Baang,(2021– ),Not Available,Not Available,"Action, Thriller",9.4,Not Available,"1,015"
752, Jupiter's Legacy,(2021),TV-MA,36 min,"Action, Adventure, Drama",7.4,Not Available,"1,013"
753,Call Your Mother,(2021),TV-PG,22 min,Comedy,5.2,Not Available,"1,012"
754, This Is Us,(2016–2022),TV-14,43 min,"Comedy, Drama, Romance",9.1,Not Available,"1,010"
755, The Blacklist,(2013– ),TV-14,43 min,"Crime, Drama, Mystery",8.6,Not Available,"1,006"
756, Bang Baang,(2021– ),Not Available,Not Available,"Action, Thriller",9.3,Not Available,"1,006"
757, The Flash,(2014– ),TV-PG,42 min,"Action, Adventure, Drama",7.5,Not Available,"1,005"
758, The Promised Neverland,(2019–2021),TV-14,23 min,"Animation, Adventure, Drama",7.8,Not Available,"1,005"
759, Fate: The Winx Saga,(2021– ),TV-MA,53 min,"Action, Adventure, Drama",8.2,Not Available,"1,003"
760, To Your Eternity,(2021– ),Not Available,25 min,"Animation, Adventure, Drama",9.7,Not Available,"1,000"
761, Wynonna Earp,(2016–2021),TV-14,43 min,"Action, Drama, Fantasy",9.5,Not Available,997
762, One Piece,(1999– ),TV-14,Not Available,"Animation, Action, Adventure",9.2,Not Available,996
763, The Promised Neverland,(2019–2021),TV-14,23 min,"Animation, Adventure, Drama",7.0,Not Available,995
764,Hey There!,(2021),Not Rated,82 min,Comedy,6.2,Not Available,995
765, The Stand,(2020–2021),TV-MA,60 min,"Adventure, Drama, Fantasy",6.9,Not Available,990
766, Bang Baang,(2021– ),Not Available,Not Available,"Action, Thriller",9.3,Not Available,990
767,The Houseboat,(2021– ),TV-14,Not Available,Documentary,7.3,Not Available,989
768, The Good Doctor,(2017– ),TV-14,43 min,Drama,5.0,Not Available,989
769,Queen of Beggars Aka Malake Gedayan,(2021– ),Not Available,Not Available,"Drama, Mystery, Romance",5.1,Not Available,989
770,400 Bullets,(2021),Not Rated,89 min,Action,4.6,Not Available,988
771, Jupiter's Legacy,(2021),TV-MA,48 min,"Action, Adventure, Drama",7.1,Not Available,986
772, Fear the Walking Dead,(2015– ),TV-MA,42 min,"Drama, Horror, Sci-Fi",7.3,Not Available,984
773,Safer at Home,(2021),R,82 min,Thriller,4.9,35,982
774, Wynonna Earp,(2016–2021),TV-14,43 min,"Action, Drama, Fantasy",9.6,Not Available,981
775, Bang Baang,(2021– ),Not Available,Not Available,"Action, Thriller",9.3,Not Available,980
776,Devineni,(2021),Not Available,122 min,Drama,9.7,Not Available,979
777,United States of Al,(2021– ),TV-PG,30 min,Comedy,5.9,Not Available,978
778, Grey's Anatomy,(2005– ),TV-14,Not Available,"Drama, Romance",5.1,Not Available,977
779,Ninnila Ninnila,(2021),Not Available,118 min,"Comedy, Romance",7.7,Not Available,977
780, Superstore,(2015–2021),TV-14,Not Available,Comedy,9.6,Not Available,976
781,Navillera,(2021– ),Not Available,60 min,Drama,8.8,Not Available,973
782, Superman and Lois,(2021– ),TV-PG,Not Available,"Action, Adventure, Drama",8.7,Not Available,973
783, The Nevers,(2021– ),TV-MA,63 min,"Action, Drama, Fantasy",7.8,Not Available,971
784, Wynonna Earp,(2016–2021),TV-14,43 min,"Action, Drama, Fantasy",9.4,Not Available,970
785, Line of Duty,(2012– ),TV-14,57 min,"Crime, Drama, Mystery",9.1,Not Available,968
786, Bang Baang,(2021– ),Not Available,Not Available,"Action, Thriller",9.3,Not Available,968
787, Jupiter's Legacy,(2021),TV-MA,44 min,"Action, Adventure, Drama",7.4,Not Available,967
788,Zero,(2021– ),TV-MA,27 min,"Action, Comedy, Drama",5.7,Not Available,966
789,Aarkkariyam,(2021),Not Available,126 min,Drama,7.0,Not Available,963
790, Bang Baang,(2021– ),Not Available,Not Available,"Action, Thriller",9.3,Not Available,959
791, Star Wars: The Bad Batch,(2021– ),TV-PG,25 min,"Animation, Action, Adventure",8.5,Not Available,956
792, Bang Baang,(2021– ),Not Available,Not Available,"Action, Thriller",9.3,Not Available,956
793,Breaking Boundaries: The Science of Our Planet,(2021),TV-PG,73 min,Documentary,7.8,Not Available,953
794, Formula 1: Drive to Survive,(2019– ),TV-MA,51 min,"Documentary, Sport",9.4,Not Available,946
795,Glacier,(2021),Not Available,88 min,Drama,6.2,Not Available,945
796,Taking a Shot at Love,(2021 TV Movie),TV-G,84 min,"Drama, Romance",7.2,Not Available,941
797,It Was Always You,(2021 TV Movie),TV-G,86 min,"Comedy, Drama, Romance",7.1,Not Available,937
798,"Don't Toy with Me, Miss Nagatoro",(2021– ),TV-14,24 min,"Animation, Comedy, Romance",7.6,Not Available,936
799, The Stand,(2020–2021),TV-MA,61 min,"Adventure, Drama, Fantasy",6.9,Not Available,934
800, Behind Her Eyes,(2021),TV-MA,49 min,"Drama, Mystery, Thriller",7.2,Not Available,934
801, Resident Alien,(2021– ),TV-14,46 min,"Comedy, Drama, Mystery",8.1,Not Available,932
802, Dracula,(2021– ),Not Available,Not Available,"Comedy, Drama",9.6,Not Available,931
803,L'ultimo paradiso,(2021),TV-MA,107 min,"Drama, Romance",5.6,Not Available,931
804, One Piece,(1999– ),TV-14,Not Available,"Animation, Action, Adventure",9.4,Not Available,929
805, The Flash,(2014– ),TV-PG,42 min,"Action, Adventure, Drama",7.1,Not Available,927
806, Line of Duty,(2012– ),TV-14,57 min,"Crime, Drama, Mystery",7.8,Not Available,926
807, Riverdale,(2017– ),TV-PG,42 min,"Crime, Drama, Mystery",8.5,Not Available,924
808, One Piece,(1999– ),TV-14,Not Available,"Animation, Action, Adventure",9.1,Not Available,922
809, It's a Sin,(2021),TV-MA,47 min,"Comedy, Drama, History",8.7,Not Available,922
810,Mehndi Hai Rachne Waali,(2021– ),Not Available,Not Available,Drama,8.3,Not Available,920
811, Snowpiercer,(2020– ),TV-MA,48 min,"Action, Drama, Sci-Fi",7.7,Not Available,919
812, The Blacklist,(2013– ),TV-14,43 min,"Crime, Drama, Mystery",7.3,Not Available,918
813, Castlevania,(2017–2021),TV-MA,24 min,"Animation, Action, Adventure",9.1,Not Available,917
814, IMDb on the Scene - Interviews,(2017– ),Not Rated,Not Available,Talk-Show,7.6,Not Available,917
815, Wynonna Earp,(2016–2021),TV-14,54 min,"Action, Drama, Fantasy",9.6,Not Available,909
816, Fate: The Winx Saga,(2021– ),TV-MA,48 min,"Action, Adventure, Drama",7.4,Not Available,909
817, Superman and Lois,(2021– ),TV-PG,Not Available,"Action, Adventure, Drama",8.6,Not Available,896
818,Dark Web: Cicada 3301,(2021),R,104 min,"Action, Comedy, Thriller",4.9,Not Available,893
819, Sweet Tooth,(2021– ),TV-14,Not Available,"Action, Adventure, Drama",8.0,Not Available,893
820, Clarice,(2021– ),TV-14,42 min,"Crime, Drama, Mystery",7.0,Not Available,892
821,Caught by a Wave,(2021),TV-14,99 min,"Drama, Romance, Sport",5.7,Not Available,892
822,The Lady and the Dale,(2021),TV-14,212 min,"Documentary, Biography, Crime",6.8,Not Available,891
823,Dancing Queens,(2021),TV-MA,110 min,"Comedy, Drama",5.4,Not Available,890
824, Castlevania,(2017–2021),TV-MA,24 min,"Animation, Action, Adventure",8.3,Not Available,888
825,Elite Short Stories: Nadia Guzmán,(2021),TV-MA,33 min,"Short, Drama, Romance",6.4,Not Available,884
826,Law School,(2021– ),Not Available,65 min,"Crime, Drama, Mystery",8.1,Not Available,884
827,Ammaa Ki Boli,(2021),Not Available,117 min,"Comedy, Drama",7.9,Not Available,883
828,The Last Cruise,(2021),TV-14,40 min,"Documentary, Short",6.4,75,883
829,Ögrenci Evi,(2021– ),Not Available,50 min,"Comedy, Drama, Romance",5.6,Not Available,882
830,Seance,(2021),R,92 min,"Horror, Mystery",5.3,45,882
831,Qubool Hai 2.0,(2021– ),Not Available,23 min,Romance,8.6,Not Available,881
832, The Rookie,(2018– ),TV-14,43 min,"Comedy, Crime, Drama",7.9,Not Available,881
833, It's a Sin,(2021),TV-MA,48 min,"Comedy, Drama, History",9.0,Not Available,881
834, The Flash,(2014– ),TV-PG,42 min,"Action, Adventure, Drama",5.7,Not Available,880
835, Sweet Tooth,(2021– ),TV-14,Not Available,"Action, Adventure, Drama",7.8,Not Available,880
836,LOL - Hasse Toh Phasse,(2021– ),Not Available,Not Available,Comedy,3.7,Not Available,879
837, Behind Her Eyes,(2021),TV-MA,50 min,"Drama, Mystery, Thriller",7.2,Not Available,879
838, Fate: The Winx Saga,(2021– ),TV-MA,51 min,"Action, Adventure, Drama",7.5,Not Available,876
839, The Serpent,(2021),TV-MA,59 min,"Crime, Drama, Thriller",7.2,Not Available,876
840, Batwoman,(2019– ),TV-14,41 min,"Action, Adventure, Crime",5.0,Not Available,875
841,Nate Bargatze: The Greatest Average American,(2021 TV Special),TV-G,60 min,Comedy,7.3,Not Available,872
842, The Promised Neverland,(2019–2021),TV-14,23 min,"Animation, Adventure, Drama",8.1,Not Available,870
843, Black Clover,(2017–2021),TV-14,24 min,"Animation, Action, Adventure",9.6,Not Available,869
844,The Lockdown Hauntings,(2021),Not Available,101 min,Horror,5.4,Not Available,869
845, The Nevers,(2021– ),TV-MA,56 min,"Action, Drama, Fantasy",8.2,Not Available,869
846, Racket Boys,(2021– ),Not Available,83 min,"Comedy, Drama, Sport",1.0,Not Available,866
847, Lupin,(2021– ),TV-MA,50 min,"Action, Crime, Drama",8.2,Not Available,865
848,Ankara,(2021– ),Not Rated,Not Available,"Action, Drama",7.2,Not Available,865
849,Sreekaram,(2021),Not Available,122 min,Drama,7.0,Not Available,865
850, Resident Alien,(2021– ),TV-14,46 min,"Comedy, Drama, Mystery",8.2,Not Available,864
851, Behind Her Eyes,(2021),TV-MA,46 min,"Drama, Mystery, Thriller",7.6,Not Available,864
852, This Is Us,(2016–2022),TV-14,43 min,"Comedy, Drama, Romance",8.9,Not Available,863
853, Racket Boys,(2021– ),Not Available,78 min,"Comedy, Drama, Sport",1.0,Not Available,862
854, Mythic Quest: Raven's Banquet,(2020– ),TV-MA,37 min,Comedy,9.3,Not Available,862
855, The Blacklist,(2013– ),TV-14,43 min,"Crime, Drama, Mystery",8.6,Not Available,862
856, Sweet Tooth,(2021– ),TV-14,Not Available,"Action, Adventure, Drama",8.7,Not Available,862
857, Riverdale,(2017– ),TV-14,42 min,"Crime, Drama, Mystery",7.2,Not Available,862
858, Behind Her Eyes,(2021),TV-MA,53 min,"Drama, Mystery, Thriller",7.5,Not Available,854
859, The Nevers,(2021– ),TV-MA,57 min,"Action, Drama, Fantasy",8.3,Not Available,853
860, Racket Boys,(2021– ),Not Available,64 min,"Comedy, Drama, Sport",1.0,Not Available,852
861, Snowpiercer,(2020– ),TV-MA,45 min,"Action, Drama, Sci-Fi",7.7,Not Available,852
862, Fate: The Winx Saga,(2021– ),TV-MA,50 min,"Action, Adventure, Drama",7.7,Not Available,852
863, The Rookie,(2018– ),TV-14,43 min,"Comedy, Crime, Drama",6.3,Not Available,850
864, The Blacklist,(2013– ),TV-14,42 min,"Crime, Drama, Mystery",6.4,Not Available,846
865, Resident Alien,(2021– ),TV-14,45 min,"Comedy, Drama, Mystery",8.2,Not Available,845
866, Snowpiercer,(2020– ),TV-MA,47 min,"Action, Drama, Sci-Fi",8.2,Not Available,844
867, The Blacklist,(2013– ),TV-14,43 min,"Crime, Drama, Mystery",6.5,Not Available,842
868, Allen v. Farrow,(2021),TV-MA,56 min,"Documentary, Biography, Crime",5.1,Not Available,842
869,Clairevoyant,(2021),Not Available,90 min,"Comedy, Drama",7.7,Not Available,841
870,Ghost Lab,(2021),TV-MA,117 min,"Drama, Horror, Thriller",5.2,Not Available,839
871,Kemono Jihen,(2021– ),Not Available,24 min,"Animation, Action, Fantasy",7.5,Not Available,836
872,Hero Mode,(2021),PG,88 min,Comedy,4.9,46,835
873, Walker,(2021– ),TV-14,42 min,"Action, Crime, Drama",7.4,Not Available,833
874, Superman and Lois,(2021– ),TV-PG,Not Available,"Action, Adventure, Drama",8.8,Not Available,833
875, Fate: The Winx Saga,(2021– ),TV-MA,47 min,"Action, Adventure, Drama",7.5,Not Available,830
876,Oprah with Meghan and Harry: A CBS Primetime Special,(2021 TV Special),TV-PG,86 min,Talk-Show,5.2,Not Available,829
877, Resident Alien,(2021– ),TV-14,46 min,"Comedy, Drama, Mystery",8.4,Not Available,828
878,Spirit Untamed,(2021),PG,88 min,"Animation, Adventure, Family",5.4,48,828
879,Elite Short Stories: Omar Ander Alexis,(2021),TV-MA,35 min,"Short, Drama",7.6,Not Available,827
880, Superstore,(2015–2021),TV-14,Not Available,Comedy,6.5,Not Available,825
881, Riverdale,(2017– ),TV-14,42 min,"Crime, Drama, Mystery",7.5,Not Available,824
882, Tandav,(2021– ),TV-14,38 min,"Drama, Thriller",5.3,Not Available,824
883, Resident Alien,(2021– ),TV-14,46 min,"Comedy, Drama, Mystery",8.5,Not Available,824
884, Castlevania,(2017–2021),TV-MA,24 min,"Animation, Action, Adventure",8.2,Not Available,823
885,The 93rd Oscars,(2021 TV Special),TV-14,150 min,Not Available,3.5,Not Available,821
886, Castlevania,(2017–2021),TV-MA,29 min,"Animation, Action, Adventure",8.4,Not Available,819
887, The Flash,(2014– ),TV-PG,42 min,"Action, Adventure, Drama",5.9,Not Available,819
888,Kadhanika,(2021),Not Available,128 min,Thriller,8.9,Not Available,818
889, My Hero Academia,(2016– ),TV-14,24 min,"Animation, Action, Adventure",6.9,Not Available,816
890, The Rookie,(2018– ),TV-14,Not Available,"Comedy, Crime, Drama",6.3,Not Available,816
891, The Stand,(2020–2021),TV-MA,57 min,"Adventure, Drama, Fantasy",6.5,Not Available,812
892,Doom at Your Service,(2021– ),Not Available,65 min,"Drama, Fantasy, Romance",8.8,Not Available,812
893, Lupin,(2021– ),TV-MA,44 min,"Action, Crime, Drama",7.3,Not Available,812
894, Black Clover,(2017–2021),TV-PG,24 min,"Animation, Action, Adventure",9.3,Not Available,811
895, This Is Us,(2016–2022),TV-14,42 min,"Comedy, Drama, Romance",8.6,Not Available,810
896, Black Clover,(2017–2021),TV-PG,24 min,"Animation, Action, Adventure",9.6,Not Available,809
897,Alludu Adhurs,(2021),Not Available,149 min,"Action, Comedy",3.3,Not Available,804
898,Zero Nine,(2021),Not Available,93 min,"Action, Crime, Thriller",8.6,Not Available,803
899,Punky Brewster,(2021– ),TV-PG,Not Available,Comedy,6.9,Not Available,803
900, The Promised Neverland,(2019–2021),TV-14,23 min,"Animation, Adventure, Drama",6.2,Not Available,801
901, The Promised Neverland,(2019–2021),TV-14,23 min,"Animation, Adventure, Drama",6.6,Not Available,801
902,Security,(2021),TV-MA,118 min,Thriller,4.8,Not Available,799
903,Sailor Moon Eternal,(2021),TV-14,160 min,"Animation, Action, Adventure",7.2,Not Available,799
904, Snowpiercer,(2020– ),TV-MA,48 min,"Action, Drama, Sci-Fi",7.9,Not Available,797
905, American Gods,(2017–2021),TV-MA,51 min,"Drama, Fantasy, Mystery",6.3,Not Available,796
906,Topi,(2021),Not Available,60 min,"Drama, Thriller",6.8,Not Available,795
907, Superman and Lois,(2021– ),TV-PG,Not Available,"Action, Adventure, Drama",9.4,Not Available,795
908,Chernobyl: Abyss,(2021),Not Available,136 min,"Comedy, Drama, History",4.4,Not Available,795
909,Kisah untuk Geri,(2021),Not Available,Not Available,"Drama, Romance",9.6,Not Available,794
910,Ishk Par Zor Nahin,(2021– ),Not Available,Not Available,Drama,9.0,Not Available,793
911, This Is Us,(2016–2022),TV-14,43 min,"Comedy, Drama, Romance",8.2,Not Available,792
912, Snowpiercer,(2020– ),TV-MA,47 min,"Action, Drama, Sci-Fi",7.2,Not Available,792
913, The Stand,(2020–2021),TV-PG,49 min,"Adventure, Drama, Fantasy",6.4,Not Available,787
914, Superman and Lois,(2021– ),TV-PG,Not Available,"Action, Adventure, Drama",8.8,Not Available,787
915, Sweet Tooth,(2021– ),TV-14,Not Available,"Action, Adventure, Drama",7.9,Not Available,786
916,Kamali from Nadukkaveri,(2021),Not Available,147 min,Drama,7.7,Not Available,784
917, The Flash,(2014– ),TV-PG,42 min,"Action, Adventure, Drama",6.0,Not Available,783
918,Contract,(2021– ),Not Available,Not Available,Crime,7.4,Not Available,781
919,Stanley Tucci: Searching for Italy,(2021– ),Not Rated,60 min,"Documentary, Reality-TV",8.7,Not Available,781
920, Tandav,(2021– ),TV-14,29 min,"Drama, Thriller",4.7,Not Available,780
921,Firebird,(2021),Not Available,107 min,"Drama, Romance",7.9,Not Available,779
922, Castlevania,(2017–2021),TV-MA,28 min,"Animation, Action, Adventure",8.3,Not Available,779
923, The Blacklist,(2013– ),TV-14,43 min,"Crime, Drama, Mystery",6.4,Not Available,779
924,Canine Intervention,(2021– ),TV-14,Not Available,"Documentary, Reality-TV",6.5,Not Available,777
925,Beyond Evil,(2021– ),Not Available,70 min,"Drama, Mystery, Thriller",8.2,Not Available,777
926, Castlevania,(2017–2021),TV-MA,25 min,"Animation, Action, Adventure",8.4,Not Available,776
927, Castlevania,(2017–2021),TV-MA,26 min,"Animation, Action, Adventure",8.3,Not Available,775
928, Rick and Morty,(2013– ),TV-MA,Not Available,"Animation, Adventure, Comedy",9.3,Not Available,773
929, The Rookie,(2018– ),TV-14,Not Available,"Comedy, Crime, Drama",7.7,Not Available,769
930,Hige o Soru. Soshite Joshikousei o Hirou.,(2021– ),Not Available,23 min,"Animation, Comedy, Drama",7.9,Not Available,769
931,Power Play,(2021),Not Available,135 min,Thriller,7.3,Not Available,766
932, American Gods,(2017–2021),TV-MA,56 min,"Drama, Fantasy, Mystery",7.5,Not Available,766
933, Line of Duty,(2012– ),TV-14,58 min,"Crime, Drama, Mystery",8.3,Not Available,763
934,Zoya,(2021),Not Available,105 min,"Drama, War",3.8,Not Available,762
935, The Blacklist,(2013– ),TV-14,42 min,"Crime, Drama, Mystery",7.2,Not Available,761
936, Batwoman,(2019– ),TV-14,42 min,"Action, Adventure, Crime",5.6,Not Available,761
937, Line of Duty,(2012– ),TV-14,58 min,"Crime, Drama, Mystery",8.2,Not Available,759
938, Night Stalker: The Hunt for a Serial Killer,(2021),TV-MA,48 min,"Documentary, Crime, Mystery",7.6,Not Available,758
939, The Stand,(2020–2021),TV-MA,57 min,"Adventure, Drama, Fantasy",6.6,Not Available,757
940, The Blacklist,(2013– ),TV-14,42 min,"Crime, Drama, Mystery",8.7,Not Available,755
941,As Luck Would Have It,(2021 TV Movie),TV-G,86 min,"Drama, Romance",7.0,Not Available,755
942,Creation Stories,(2021),Not Available,105 min,"Biography, Drama, Music",6.2,62,751
943, Servant,(2019– ),TV-MA,26 min,"Drama, Horror, Mystery",7.3,Not Available,751
944, Lupin,(2021– ),TV-MA,41 min,"Action, Crime, Drama",7.4,Not Available,749
945, Debris,(2021),TV-14,43 min,"Drama, Mystery, Sci-Fi",7.4,Not Available,747
946,Devarakondalo Vijay Premakatha,(2021),Not Available,Not Available,Drama,8.4,Not Available,746
947, Sweet Tooth,(2021– ),TV-14,Not Available,"Action, Adventure, Drama",8.5,Not Available,744
948, Riverdale,(2017– ),TV-14,41 min,"Crime, Drama, Mystery",6.9,Not Available,743
949,A Palace for Putin. The Story of the Biggest Bribe,(2021),Not Available,113 min,Documentary,8.9,Not Available,742
950, The Blacklist,(2013– ),TV-14,43 min,"Crime, Drama, Mystery",6.8,Not Available,739
951,Time to Dance,(2021),Not Available,113 min,"Musical, Romance",1.8,Not Available,737
952,Kabadadaari,(2021),Not Rated,146 min,"Crime, Drama, Thriller",6.5,Not Available,737
953,Secret of the Ninth,(2021),Not Available,57 min,Documentary,9.2,Not Available,736
954,To Olivia,(2021),Not Available,99 min,Drama,6.5,Not Available,734
955,Animals on the Loose: A You vs. Wild Movie,(2021 TV Movie),TV-PG,90 min,"Adventure, Reality-TV",5.9,Not Available,734
956,Kid Cosmic,(2021– ),TV-Y7,25 min,"Animation, Action, Adventure",8.1,Not Available,732
957, Sweet Tooth,(2021– ),TV-14,Not Available,"Action, Adventure, Drama",8.0,Not Available,732
958, Inside No. 9,(2014– ),TV-MA,Not Available,"Comedy, Drama, Horror",6.7,Not Available,732
959, The Stand,(2020–2021),TV-MA,49 min,"Adventure, Drama, Fantasy",5.2,Not Available,729
960, Boruto: Naruto Next Generations,(2017– ),TV-14,24 min,"Animation, Action, Adventure",9.3,Not Available,729
961,Janowar,(2021),Not Available,77 min,"Crime, Drama, Thriller",8.2,Not Available,729
962, Line of Duty,(2012– ),TV-14,57 min,"Crime, Drama, Mystery",8.4,Not Available,728
963,When NEET aspirant met an IIT aspirant,(2021),Not Available,46 min,"Comedy, Romance",9.8,Not Available,727
964,That Damn Michael Che,(2021– ),TV-MA,30 min,Comedy,7.5,Not Available,726
965, Snowpiercer,(2020– ),TV-MA,48 min,"Action, Drama, Sci-Fi",7.3,Not Available,726
966,Dad,(2021),Not Available,76 min,"Comedy, Drama",6.7,Not Available,723
967,Pørni,(2021– ),Not Available,Not Available,"Comedy, Drama",8.4,Not Available,723
968,Donny's Bar Mitzvah,(2021),Not Available,79 min,"Comedy, Drama",7.3,Not Available,721
969,Override,(2021),TV-14,95 min,"Crime, Sci-Fi, Thriller",4.7,Not Available,720
970, Black Clover,(2017–2021),TV-PG,24 min,"Animation, Action, Adventure",9.4,Not Available,718
971,Ee Kathalo Paathralu Kalpitam,(2021),Not Available,119 min,"Drama, Thriller",7.1,Not Available,718
972,Newton's Cradle,(2021– ),Not Available,Not Available,"Drama, Thriller",8.4,Not Available,718
973, This Is Us,(2016–2022),TV-14,43 min,"Comedy, Drama, Romance",8.3,Not Available,717
974, Them,(2021– ),TV-14,49 min,"Drama, Horror, Thriller",7.9,Not Available,714
975,Me You Madness,(2021),R,98 min,Comedy,3.7,7,713
976, Riverdale,(2017– ),TV-14,42 min,"Crime, Drama, Mystery",5.8,Not Available,713
977,Arlo the Alligator Boy,(2021 TV Movie),TV-Y7,90 min,"Animation, Adventure, Comedy",6.7,Not Available,713
978, The Serpent,(2021),TV-MA,58 min,"Crime, Drama, Thriller",7.5,Not Available,712
979, The Blacklist,(2013– ),TV-14,42 min,"Crime, Drama, Mystery",8.5,Not Available,711
980, Grey's Anatomy,(2005– ),TV-14,Not Available,"Drama, Romance",6.1,Not Available,711
981, A Discovery of Witches,(2018– ),TV-MA,Not Available,"Drama, Fantasy, Romance",8.0,Not Available,710
982,Dead Places,(2021– ),Not Available,45 min,"Adventure, Horror, Thriller",6.8,Not Available,709
983, Master of None,(2015– ),TV-MA,52 min,"Comedy, Drama",6.8,Not Available,708
984,Hemingway,(2021– ),TV-14,120 min,"Documentary, Biography",8.1,Not Available,707
985, The Equalizer,(2021– ),TV-14,44 min,"Action, Crime, Drama",6.2,Not Available,706
986, For All Mankind,(2019– ),TV-MA,56 min,"Drama, Sci-Fi",8.1,Not Available,706
987, Master of None,(2015– ),TV-MA,25 min,"Comedy, Drama",5.7,Not Available,705
988,RuPaul's Drag Race Down Under,(2021– ),TV-MA,54 min,"Game-Show, Reality-TV",5.6,Not Available,704
989,Shook,(2021),Not Rated,88 min,Horror,4.2,53,703
990, This Is Us,(2016–2022),TV-14,43 min,"Comedy, Drama, Romance",8.5,Not Available,701
991, Prodigal Son,(2019–2021),TV-14,43 min,"Crime, Drama, Mystery",7.2,Not Available,701
992, Boruto: Naruto Next Generations,(2017– ),TV-14,24 min,"Animation, Action, Adventure",9.4,Not Available,700
993, Lupin,(2021– ),TV-MA,47 min,"Action, Crime, Drama",7.9,Not Available,700
994, Shameless,(2011–2021),TV-MA,Not Available,"Comedy, Drama",8.9,Not Available,700
995, The Serpent,(2021),TV-MA,58 min,"Crime, Drama, Thriller",8.1,Not Available,700
996, Beck,(1997– ),Not Rated,Not Available,"Crime, Mystery, Thriller",5.5,Not Available,699
997,Trust,(II) (2021),Not Available,94 min,"Drama, Romance",5.5,Not Available,698
998, Night Stalker: The Hunt for a Serial Killer,(2021),TV-MA,46 min,"Documentary, Crime, Mystery",7.7,Not Available,697
999,Viewpoint,(2021– ),Not Available,60 min,"Drama, Thriller",5.9,Not Available,697
1000,Endangered Species,(2021),R,101 min,"Action, Thriller",4.4,Not Available,696
1001, Snowpiercer,(2020– ),TV-MA,47 min,"Action, Drama, Sci-Fi",7.3,Not Available,696
1002,Edge of the World,(2021),Not Available,104 min,"Adventure, Drama",5.1,42,693
1003, For All Mankind,(2019– ),TV-MA,56 min,"Drama, Sci-Fi",9.0,Not Available,693
1004, Servant,(2019– ),TV-MA,29 min,"Drama, Horror, Mystery",8.1,Not Available,693
1005, Snowpiercer,(2020– ),TV-MA,47 min,"Action, Drama, Sci-Fi",7.9,Not Available,693
1006,Mohan Kumar Fans,(2021),Not Available,126 min,Drama,5.7,Not Available,692
1007,A Stand Worthy of Men,(2021),Not Available,120 min,"Comedy, Drama",7.4,Not Available,691
1008,The Ultimate Playlist of Noise,(2021),TV-MA,99 min,"Comedy, Drama, Music",6.6,Not Available,690
1009, Ginny & Georgia,(2021– ),TV-MA,58 min,"Comedy, Drama",7.5,Not Available,689
1010, Walker,(2021– ),TV-PG,42 min,"Action, Crime, Drama",7.4,Not Available,688
1011," Re: Zero, Starting Life in Another World",(2016– ),TV-14,28 min,"Animation, Adventure, Drama",9.2,Not Available,687
1012, Servant,(2019– ),TV-MA,35 min,"Drama, Horror, Mystery",8.3,Not Available,687
1013, The Nevers,(2021– ),TV-MA,57 min,"Action, Drama, Fantasy",8.2,Not Available,685
1014, Riverdale,(2017– ),TV-14,41 min,"Crime, Drama, Mystery",7.5,Not Available,684
1015, Batwoman,(2019– ),TV-14,42 min,"Action, Adventure, Crime",5.4,Not Available,684
1016, Black Clover,(2017–2021),TV-PG,24 min,"Animation, Action, Adventure",9.5,Not Available,682
1017, The Flash,(2014– ),TV-PG,Not Available,"Action, Adventure, Drama",7.2,Not Available,681
1018, The Promised Neverland,(2019–2021),TV-14,23 min,"Animation, Adventure, Drama",6.1,Not Available,681
1019, The Blacklist,(2013– ),TV-14,42 min,"Crime, Drama, Mystery",7.8,Not Available,681
1020,Kalkanski krugovi,(2021– ),Not Available,Not Available,"Drama, Mystery",8.4,Not Available,681
1021,"Pray, Obey, Kill",(2021),TV-14,316 min,"Documentary, Crime",6.6,Not Available,680
1022, Tandav,(2021– ),TV-14,39 min,"Drama, Thriller",5.4,Not Available,680
1023,Level,(2021),Not Available,62 min,Comedy,3.2,Not Available,678
1024,Eden,(I) (2021– ),TV-Y7,25 min,"Animation, Action, Adventure",6.7,Not Available,673
1025, My Hero Academia,(2016– ),TV-PG,24 min,"Animation, Action, Adventure",8.4,Not Available,672
1026, Disenchantment,(2018– ),TV-14,27 min,"Animation, Action, Adventure",7.2,Not Available,668
1027, Black Clover,(2017–2021),TV-PG,24 min,"Animation, Action, Adventure",9.5,Not Available,668
1028, The Nevers,(2021– ),TV-MA,57 min,"Action, Drama, Fantasy",7.9,Not Available,668
1029, The Promised Neverland,(2019–2021),TV-14,23 min,"Animation, Adventure, Drama",6.7,Not Available,667
1030,Rogue Hostage,(2021),Not Rated,93 min,"Action, Thriller",3.1,Not Available,667
1031, Night Stalker: The Hunt for a Serial Killer,(2021),TV-MA,47 min,"Documentary, Crime, Mystery",7.9,Not Available,665
1032," Re: Zero, Starting Life in Another World",(2016– ),TV-14,30 min,"Animation, Adventure, Drama",9.5,Not Available,664
1033,Kamp Koral: SpongeBob's Under Years,(2021– ),TV-Y7,Not Available,"Animation, Comedy, Family",4.0,Not Available,664
1034, Servant,(2019– ),TV-MA,26 min,"Drama, Horror, Mystery",7.4,Not Available,663
1035, Crime Scene: The Vanishing at the Cecil Hotel,(2021),TV-MA,53 min,"Documentary, Crime, Mystery",7.0,Not Available,662
1036,The Hidden Dungeon Only I Can Enter,(2021– ),Not Available,24 min,"Animation, Action, Adventure",6.4,Not Available,662
1037, Solar Opposites,(2020– ),TV-MA,26 min,"Animation, Comedy, Sci-Fi",9.3,Not Available,660
1038,Vampiry sredney polosy,(2021– ),Not Available,50 min,"Action, Comedy, Fantasy",7.6,Not Available,659
1039, This Is Us,(2016–2022),TV-14,43 min,"Comedy, Drama, Romance",8.2,Not Available,658
1040, Boruto: Naruto Next Generations,(2017– ),TV-14,24 min,"Animation, Action, Adventure",9.3,Not Available,657
1041, Night Stalker: The Hunt for a Serial Killer,(2021),TV-MA,48 min,"Documentary, Crime, Mystery",8.0,Not Available,656
1042,Terapist,(2021– ),Not Available,10 min,"Crime, Drama, Mystery",7.5,Not Available,656
1043, The Blacklist,(2013– ),TV-14,42 min,"Crime, Drama, Mystery",7.7,Not Available,655
1044,86,(2021– ),TV-14,24 min,"Animation, Action, Drama",8.0,Not Available,655
1045, Superstore,(2015–2021),TV-14,21 min,Comedy,8.3,Not Available,655
1046,Gaia,(2021),R,96 min,"Drama, Fantasy, Horror",5.6,64,655
1047, Saturday Night Live,(1975– ),TV-14,90 min,"Comedy, Music",5.0,Not Available,654
1048, Allen v. Farrow,(2021),TV-MA,62 min,"Documentary, Biography, Crime",5.3,Not Available,653
1049, That Time I Got Reincarnated as a Slime,(2018– ),TV-PG,Not Available,"Animation, Action, Adventure",9.8,Not Available,652
